Moleculas_Produto (Y),Matched_Price_File_Produto (X),Assigned_Price (Z),Similarity_Score,Price_Source_File
ACIDO MEFENAMICO 500MG C/12 COMP EMS,ACIDO MEFENAMICO 500MG COM C/ 12,"R$ 7,43",100.00% (AI + Fuzzy),DEFAULT_GENÉRICO _OUTUBRO_24.xlsx
ACIDO MEFENAMICO 500MG C/24 COMP MED,ACIDO MEFENAMICO 500MG COM C/ 24,"R$ 10,94",100.00% (AI + Fuzzy),DEFAULT_GENÉRICO _OUTUBRO_24.xlsx
ALOPURINOL 100MG C/30 COMP MED,ALOPURINOL 100MG COM C/ 30,"R$ 4,32",100.00% (AI + Fuzzy),DEFAULT_GENÉRICO _OUTUBRO_24.xlsx
ALOPURINOL 300MG C/30 COMP SDZ,ALOPURINOL 300MG COM C/ 30,"R$ 12,91",100.00% (AI + Fuzzy),DEFAULT_GENÉRICO _OUTUBRO_24.xlsx
"ALPRAZOLAM 0,25MG C/30 COMP MED","ALPRAZOLAM 0,25MG COM C/ 30","R$ 4,44",100.00% (AI + Fuzzy),DEFAULT_GENÉRICO _OUTUBRO_24.xlsx
"ALPRAZOLAM 0,5MG C/30 COMP ZYD","ALPRAZOLAM 0,5MG COM C/ 30","R$ 2,41",100.00% (AI + Fuzzy),DEFAULT_GENÉRICO _OUTUBRO_24.xlsx
ALPRAZOLAM 1MG C/30 COMP ZYDUS,ALPRAZOLAM 1MG COM C/ 30,"R$ 7,83",100.00% (AI + Fuzzy),DEFAULT_GENÉRICO _OUTUBRO_24.xlsx
ALPRAZOLAM 2MG C/30 COMP TEU,ALPRAZOLAM 2MG COM C/ 30,"R$ 9,76",100.00% (AI + Fuzzy),DEFAULT_GENÉRICO _OUTUBRO_24.xlsx
AMOXICILINA 500MG C/15 CAPS TEU,AMOXICILINA 500MG CAP GEL DURA C/ 15,"R$ 15,55",100.00% (AI + Fuzzy),DEFAULT_GENÉRICO _OUTUBRO_24.xlsx
AMOXICILINA 500MG C/30 CAPS TEU,AMOXICILINA 500MG CAP GEL DURA C/ 30,"R$ 29,76",100.00% (AI + Fuzzy),DEFAULT_GENÉRICO _OUTUBRO_24.xlsx
"APIXABANA 2,5MG C/ 20COMP NEO","APIXABANA COMP REV 2,5MG C/20","R$ 28,79",100.00% (AI + Fuzzy),DEFAULT_GENÉRICO _OUTUBRO_24.xlsx
"APIXABANA 2,5MG C/ 60COMP NEO","APIXABANA COMP REV 2,5MG C/60","R$ 86,38",100.00% (AI + Fuzzy),DEFAULT_GENÉRICO _OUTUBRO_24.xlsx
APIXABANA 5MG C/ 20COMP NEO,APIXABANA COMP REV 5MG C/20,"R$ 31,48",100.00% (AI + Fuzzy),DEFAULT_GENÉRICO _OUTUBRO_24.xlsx
APIXABANA 5MG C/ 60COMP NEO,APIXABANA COMP REV 5MG C/60,"R$ 72,00",100.00% (AI + Fuzzy),DEFAULT_GENÉRICO _OUTUBRO_24.xlsx
ATENOLOL 100MG C/30 MULTI,ATENOLOL 100MG COM C/ 30,"R$ 14,20",96.15% (AI + Fuzzy),DEFAULT_GENÉRICO _OUTUBRO_24.xlsx
ATENOLOL 25MG C/30 COMP PRATI,ATENOLOL 25MG COM C/ 30,"R$ 1,03",100.00% (AI + Fuzzy),DEFAULT_GENÉRICO _OUTUBRO_24.xlsx
ATENOLOL 50MG C/30 COMP VITA,ATENOLOL 50MG COM C/ 30,"R$ 6,06",100.00% (AI + Fuzzy),DEFAULT_GENÉRICO _OUTUBRO_24.xlsx
ATORVASTATINA 10MG C/30 COMP TEU,ATORVASTATINA CALCICA 10MG COM REV C/ 30,"R$ 17,84",100.00% (AI + Fuzzy),DEFAULT_GENÉRICO _OUTUBRO_24.xlsx
ATORVASTATINA 20MG C/30 COMP CIMED,ATORVASTATINA CALCICA 20MG COM REV C/ 30,"R$ 15,69",100.00% (AI + Fuzzy),DEFAULT_GENÉRICO _OUTUBRO_24.xlsx
ATORVASTATINA 40MG C/30 COMP CIMED,ATORVASTATINA CALCICA 40MG COM REV C/ 30,"R$ 22,08",100.00% (AI + Fuzzy),DEFAULT_GENÉRICO _OUTUBRO_24.xlsx
ATORVASTATINA 80MG C/30 COMP NEO,ATORVASTATINA CALCICA 10MG COM REV C/ 30,"R$ 17,84",97.50% (AI + Fuzzy),DEFAULT_GENÉRICO _OUTUBRO_24.xlsx
AZITROMICINA 500MG C/3 COMP TEU,AZITROMICINA 500MG COM REV C/ 3,"R$ 6,28",100.00% (AI + Fuzzy),DEFAULT_GENÉRICO _OUTUBRO_24.xlsx
BROM. CITALOPRAM 20MG C/30 COMP RAN,CITALOPRAM 20MG COM REV C/ 30,"R$ 12,51",100.00% (AI + Fuzzy),DEFAULT_GENÉRICO _OUTUBRO_24.xlsx
BROMAZEPAM 3MG C/30 COMP TEU,BROMAZEPAM 3MG COM C/ 30,"R$ 5,24",100.00% (AI + Fuzzy),DEFAULT_GENÉRICO _OUTUBRO_24.xlsx
BROMAZEPAM 6MG C/30 COMP UQ,BROMAZEPAM 6MG COM C/ 30,"R$ 10,21",100.00% (AI + Fuzzy),DEFAULT_GENÉRICO _OUTUBRO_24.xlsx
BROMOPRIDA 10MG C/20 CAPS EMS,BROMOPRIDA 10MG CAP GEL DURA C/ 20,"R$ 8,09",100.00% (AI + Fuzzy),DEFAULT_GENÉRICO _OUTUBRO_24.xlsx
CARBAMAZEPINA 200MG C/30 COMP BIO,OXCARBAZEPINA 300MG COM REV C/ 30,"R$ 24,98",90.32% (AI + Fuzzy),DEFAULT_GENÉRICO _OUTUBRO_24.xlsx
CARBAMAZEPINA 400MG C/30 COMP TEU,OXCARBAZEPINA 300MG COM REV C/ 30,"R$ 24,98",90.32% (AI + Fuzzy),DEFAULT_GENÉRICO _OUTUBRO_24.xlsx
"CARVEDILOL 12,5MG C/30 COMP BIO","CARVEDILOL 12,5MG COM C/ 30","R$ 9,14",100.00% (AI + Fuzzy),DEFAULT_GENÉRICO _OUTUBRO_24.xlsx
"CARVEDILOL 3,125MG C/30 COMP PRATI","CARVEDILOL 12,5MG COM C/ 30","R$ 9,14",94.55% (AI + Fuzzy),DEFAULT_GENÉRICO _OUTUBRO_24.xlsx
"CARVEDILOL 6,25MG C/30 COMP TOR","CARVEDILOL 6,25MG COM C/ 30","R$ 8,37",100.00% (AI + Fuzzy),DEFAULT_GENÉRICO _OUTUBRO_24.xlsx
CETOPROFENO 100MG C/20 COMP MED,CETOPROFENO 100MG COM REV C/ 20,"R$ 20,21",100.00% (AI + Fuzzy),DEFAULT_GENÉRICO _OUTUBRO_24.xlsx
CETOPROFENO 150MG C/10 COMP,CETOPROFENO COMP 150MG C/10,"R$ 7,83",93.15% (AI + Fuzzy),DEFAULT_GENÉRICO _OUTUBRO_24.xlsx
CETOPROFENO 50MG C/24 CAPS MED,CETOPROFENO 50MG CAP GEL DURA C/ 24,"R$ 9,19",100.00% (AI + Fuzzy),DEFAULT_GENÉRICO _OUTUBRO_24.xlsx
CIPROFIBRATO 100MG C/30 COMP VITA,CIPROFIBRATO 100MG COM C/ 30,"R$ 14,03",100.00% (AI + Fuzzy),DEFAULT_GENÉRICO _OUTUBRO_24.xlsx
CL. AMIODARONA 100MG C/30 COMP MED,CLOR AMIODARONA COMP 100MG C/ 30,"R$ 13,30",92.75% (AI + Fuzzy),DEFAULT_GENÉRICO _OUTUBRO_24.xlsx
CL. AMIODARONA 200MG C/30 COMP BIO,CLOR AMIODARONA COMP 200MG C/ 30,"R$ 16,94",100.00% (AI + Fuzzy),DEFAULT_GENÉRICO _OUTUBRO_24.xlsx
CL. AMITRIPTILINA 25MG C/30 COMP NEO,CL AMITRIPTILINA COMP REV 25MG C/30 (C1),"R$ 3,08",100.00% (AI + Fuzzy),DEFAULT_GENÉRICO _OUTUBRO_24.xlsx
CL. AMITRIPTILINA 75MG C/30 COMP MED,CL AMITRIPTILINA COMP REV 75MG C/30 (C1),"R$ 14,58",100.00% (AI + Fuzzy),DEFAULT_GENÉRICO _OUTUBRO_24.xlsx
CL. DONEPEZILA 10MG C/30 COMP MED,CLOR DONEPEZIL COMP 10MG C/ 30 (C1),"R$ 38,13",100.00% (AI + Fuzzy),DEFAULT_GENÉRICO _OUTUBRO_24.xlsx
CL. DONEPEZILA 5MG C/30 COMP MED,CLOR DONEPEZIL COMP 5MG C/ 30 (C1),"R$ 35,62",100.00% (AI + Fuzzy),DEFAULT_GENÉRICO _OUTUBRO_24.xlsx
CL. FEXOFENADINA  60MG C/10 COMP CIMED,FEXOFENADINA 120MG 10 CPR,"R$ 9,87",94.92% (AI + Fuzzy),DEFAULT_GENÉRICO _OUTUBRO_24.xlsx
CL. FEXOFENADINA 120MG C/10 COMP CIMED,FEXOFENADINA 120MG 10 CPR,"R$ 9,87",100.00% (AI + Fuzzy),DEFAULT_GENÉRICO _OUTUBRO_24.xlsx
CL. FEXOFENADINA 180MG C/10 COMP RAN,FEXOFENADINA 180MG 10 CPR,"R$ 14,58",100.00% (AI + Fuzzy),DEFAULT_GENÉRICO _OUTUBRO_24.xlsx
CL. ONDANSETRONA 4MG C/10 COMP NEO,ONDANSETRONA COMP 4MG C/10,"R$ 11,01",100.00% (AI + Fuzzy),DEFAULT_GENÉRICO _OUTUBRO_24.xlsx
CL. ONDANSETRONA 4MG C/30 COMP NEO,ONDANSETRONA COMP 4MG C/10,"R$ 11,01",94.34% (AI + Fuzzy),DEFAULT_GENÉRICO _OUTUBRO_24.xlsx
CL. ONDANSETRONA 8MG C/10 COMP NEO,ONDANSETRONA COMP 8MG C/10,"R$ 21,71",100.00% (AI + Fuzzy),DEFAULT_GENÉRICO _OUTUBRO_24.xlsx
CL. ONDANSETRONA 8MG C/30 COMP NEO,ONDANSETRONA COMP 8MG C/10,"R$ 21,71",96.15% (AI + Fuzzy),DEFAULT_GENÉRICO _OUTUBRO_24.xlsx
CL. TRAZODONA 100MG C/30 COMP NEO,CLOR TRAZODONA COMP XR 150MG C/30 (C1),"R$ 50,52",91.89% (AI + Fuzzy),DEFAULT_GENÉRICO _OUTUBRO_24.xlsx
CL. TRAZODONA 50MG C/60 COMP ZYD,CLOR TRAZODONA COMP XR 150MG C/30 (C1),"R$ 50,52",91.67% (AI + Fuzzy),DEFAULT_GENÉRICO _OUTUBRO_24.xlsx
CL. TRAZODONA XR 150MG C/30 COMP NEO,CLOR TRAZODONA COMP XR 150MG C/30 (C1),"R$ 50,52",100.00% (AI + Fuzzy),DEFAULT_GENÉRICO _OUTUBRO_24.xlsx
CLARITROMICINA 500MG C/14 COMP PHA,CLARITROMICINA 500MG COM REV C/ 14,"R$ 66,72",100.00% (AI + Fuzzy),DEFAULT_GENÉRICO _OUTUBRO_24.xlsx
"CLONAZEPAM 0,5MG C/30 COMP MED","CLONAZEPAM 0,5MG COM C/ 30","R$ 2,29",100.00% (AI + Fuzzy),DEFAULT_GENÉRICO _OUTUBRO_24.xlsx
"CLONAZEPAM 0,5MG C/60 COMP","CLONAZEPAM 0,5MG COM C/ 60","R$ 5,17",100.00% (AI + Fuzzy),DEFAULT_GENÉRICO _OUTUBRO_24.xlsx
CLONAZEPAM 2 MG C/30 COMP GEO,CLONAZEPAM 2MG COM C/ 30,"R$ 4,04",100.00% (AI + Fuzzy),DEFAULT_GENÉRICO _OUTUBRO_24.xlsx
CLONAZEPAM 2MG C/60 COMP EMS,CLONAZEPAM 2MG COM C/ 60,"R$ 9,33",100.00% (AI + Fuzzy),DEFAULT_GENÉRICO _OUTUBRO_24.xlsx
GENFIBROZILA 600 MG 24 COMP EMS,GENFIBROZILA 600MG COM REV C/ 30,"R$ 55,00",93.33% (AI + Fuzzy),DEFAULT_GENÉRICO _OUTUBRO_24.xlsx
GENFIBROZILA 900 MG 15 COMP MED,GENFIBROZILA 600MG COM REV C/ 30,"R$ 55,00",90.00% (AI + Fuzzy),DEFAULT_GENÉRICO _OUTUBRO_24.xlsx
GLIBENCLAMIDA 5 MG 30 COMP BIO,GLIBENCLAMIDA 5MG COM C/ 30,"R$ 8,43",100.00% (AI + Fuzzy),DEFAULT_GENÉRICO _OUTUBRO_24.xlsx
GLIMEPIRIDA 1MG C/30 COMP PRAT,GLIMEPIRIDA 1MG COM C/ 30,"R$ 8,12",100.00% (AI + Fuzzy),DEFAULT_GENÉRICO _OUTUBRO_24.xlsx
GLIMEPIRIDA 4MG C/30 COMP TEU,GLIMEPIRIDA 4MG COM C/ 30,"R$ 10,93",100.00% (AI + Fuzzy),DEFAULT_GENÉRICO _OUTUBRO_24.xlsx
"HEMIF. BISOPROLOL  1,25MG C/30 COMP TOR","HEMIF BISOPROLOL COMP REV 2,5MG C/30","R$ 23,55",95.89% (AI + Fuzzy),DEFAULT_GENÉRICO _OUTUBRO_24.xlsx
"HEMIF. BISOPROLOL  2,5MG C/30 COMP RBX","HEMIF BISOPROLOL COMP REV 2,5MG C/30","R$ 23,55",100.00% (AI + Fuzzy),DEFAULT_GENÉRICO _OUTUBRO_24.xlsx
HEMIF. BISOPROLOL  5MG C/30 COMP EMS,HEMIF BISOPROLOL COMP REV 5MG C/30,"R$ 28,30",100.00% (AI + Fuzzy),DEFAULT_GENÉRICO _OUTUBRO_24.xlsx
HEMIF. BISOPROLOL 10MG C/30 COMP EMS,HEMIF BISOPROLOL COMP REV 10MG C/30,"R$ 33,12",100.00% (AI + Fuzzy),DEFAULT_GENÉRICO _OUTUBRO_24.xlsx
HIDROCLOROTIAZIDA 25MG C/30 COMP NEO,HIDROCLOROTIAZIDA 50MG COM C/ 20,"R$ 2,64",94.12% (AI + Fuzzy),DEFAULT_GENÉRICO _OUTUBRO_24.xlsx
HIDROCLOROTIAZIDA 50 MG 20 COMP EMS,HIDROCLOROTIAZIDA 50MG COM C/ 20,"R$ 2,64",100.00% (AI + Fuzzy),DEFAULT_GENÉRICO _OUTUBRO_24.xlsx
IBUPROFENO 100MG GTS 20ML MED,IBUPROFENO 100MG/ML SUS OR C/ 20ML,"R$ 6,42",100.00% (AI + Fuzzy),DEFAULT_GENÉRICO _OUTUBRO_24.xlsx
IBUPROFENO 50 MG GTS 30 ML BIO,IBUPROFENO 50MG/ML SUS OR C/ 30ML,"R$ 9,58",100.00% (AI + Fuzzy),DEFAULT_GENÉRICO _OUTUBRO_24.xlsx
LAMOTRIGINA  25MG 30COMP ZYD,LAMOTRIGINA 25MG COM C/ 30,"R$ 12,25",100.00% (AI + Fuzzy),DEFAULT_GENÉRICO _OUTUBRO_24.xlsx
LAMOTRIGINA  50 MG 30 CPR BIO,LAMOTRIGINA 100MG COM C/ 30,"R$ 50,01",94.34% (AI + Fuzzy),DEFAULT_GENÉRICO _OUTUBRO_24.xlsx
LAMOTRIGINA 100 MG 30 CPR BIO,LAMOTRIGINA 100MG COM C/ 30,"R$ 50,01",100.00% (AI + Fuzzy),DEFAULT_GENÉRICO _OUTUBRO_24.xlsx
LISINOPRIL 10MG C/30 COMP TEU,LISINOPRIL 10MG COM C/ 30,"R$ 18,93",100.00% (AI + Fuzzy),DEFAULT_GENÉRICO _OUTUBRO_24.xlsx
LISINOPRIL 20MG C/30 COMP TEU,LISINOPRIL 20MG COM C/ 30,"R$ 46,52",100.00% (AI + Fuzzy),DEFAULT_GENÉRICO _OUTUBRO_24.xlsx
LORAZEPAM 2MG C/30 COMP GMD,CLONAZEPAM 2MG COM C/ 30,"R$ 4,04",93.62% (AI + Fuzzy),DEFAULT_GENÉRICO _OUTUBRO_24.xlsx
"MELOXICAM  7,5MG C/10 COMP EURO","MELOXICAM 7,5MG COM C/ 10","R$ 5,41",100.00% (AI + Fuzzy),DEFAULT_GENÉRICO _OUTUBRO_24.xlsx
MELOXICAM 15 MG 10 COMP BIO,MELOXICAM 15MG COM C/ 10,"R$ 5,91",100.00% (AI + Fuzzy),DEFAULT_GENÉRICO _OUTUBRO_24.xlsx
NORFLOXACINO 400MG C/14 COMP TEU,NORFLOXACINO 400MG COM REV C/ 14,"R$ 14,67",100.00% (AI + Fuzzy),DEFAULT_GENÉRICO _OUTUBRO_24.xlsx
OLMESARTANA 20MG C/30 COMP ALT,OLMESARTANA MEDOX COMP REV 20MG C/30,"R$ 18,11",90.91% (AI + Fuzzy),DEFAULT_GENÉRICO _OUTUBRO_24.xlsx
OLMESARTANA 40MG C/30 COMP MED,OLMESARTANA MEDOX COMP REV 40MG C/30,"R$ 23,02",90.91% (AI + Fuzzy),DEFAULT_GENÉRICO _OUTUBRO_24.xlsx
OX. ESCITALOPRAM 10MG C/30COMP EURO,OXAL ESCITALOPRAM 10MG COMP REV C/60(C1),"R$ 16,01",97.50% (AI + Fuzzy),DEFAULT_GENÉRICO _OUTUBRO_24.xlsx
OX. ESCITALOPRAM 10MG C/60 COMP MED,OXAL ESCITALOPRAM 10MG COMP REV C/60(C1),"R$ 16,01",92.11% (AI + Fuzzy),DEFAULT_GENÉRICO _OUTUBRO_24.xlsx
OX. ESCITALOPRAM 15MG C/30COMP EURO,OXAL ESCITALOPRAM 15MG COMP REV C/30(C1),"R$ 35,98",100.00% (AI + Fuzzy),DEFAULT_GENÉRICO _OUTUBRO_24.xlsx
OXCARBAZEPINA 300MG C/30 COMP TOR,OXCARBAZEPINA 300MG COM REV C/ 30,"R$ 24,98",100.00% (AI + Fuzzy),DEFAULT_GENÉRICO _OUTUBRO_24.xlsx
OXCARBAZEPINA 300MG C/60 COMP MED,OXCARBAZEPINA 300MG COM REV C/ 30,"R$ 24,98",96.77% (AI + Fuzzy),DEFAULT_GENÉRICO _OUTUBRO_24.xlsx
PARACETAMOL 200MG GTS 15ML GEO,PARACETAMOL 200MG/ML SOL OR C/ 15ML,"R$ 4,27",91.43% (AI + Fuzzy),DEFAULT_GENÉRICO _OUTUBRO_24.xlsx
PRAVASTATINA SOD 10 MG 30 COMP RAN,PRAVASTATINA SODICA 10MG COM C/ 30,"R$ 47,47",100.00% (AI + Fuzzy),DEFAULT_GENÉRICO _OUTUBRO_24.xlsx
PRAVASTATINA SOD 20 MG 30 COMP MED,PRAVASTATINA SODICA 20MG COM C/ 30,"R$ 55,00",100.00% (AI + Fuzzy),DEFAULT_GENÉRICO _OUTUBRO_24.xlsx
PRAVASTATINA SOD 40 MG 30 COMP MED,PRAVASTATINA SODICA 40MG COM C/ 30,"R$ 35,00",100.00% (AI + Fuzzy),DEFAULT_GENÉRICO _OUTUBRO_24.xlsx
PREDNISONA 20 MG 10 COMP BRA,PREDNISONA 20MG COM C/ 10,"R$ 5,38",100.00% (AI + Fuzzy),DEFAULT_GENÉRICO _OUTUBRO_24.xlsx
PREDNISONA 20 MG 20 COMP NEO,PREDNISONA 20MG COM C/ 10,"R$ 5,38",96.00% (AI + Fuzzy),DEFAULT_GENÉRICO _OUTUBRO_24.xlsx
PREDNISONA 20 MG 30 COMP MED,PREDNISONA 20MG COM C/ 30,"R$ 27,36",100.00% (AI + Fuzzy),DEFAULT_GENÉRICO _OUTUBRO_24.xlsx
"RAMIPRIL 2,5 MG 30 COMP BIO",RAMIPRIL 5MG COM C/ 30,"R$ 33,11",95.65% (AI + Fuzzy),DEFAULT_GENÉRICO _OUTUBRO_24.xlsx
RAMIPRIL 5 MG 30 COMP BIO,RAMIPRIL 5MG COM C/ 30,"R$ 33,11",100.00% (AI + Fuzzy),DEFAULT_GENÉRICO _OUTUBRO_24.xlsx
RISPERIDONA 3MG C/30 COMP MED,RISPERIDONA COMP REV 3MG C/30,"R$ 11,44",100.00% (AI + Fuzzy),DEFAULT_GENÉRICO _OUTUBRO_24.xlsx
RIVAROXABANA  10MG C/30 COMP EMS,RIVAROXABANA COMP REV 10MG C/ 30,"R$ 41,62",98.41% (AI + Fuzzy),DEFAULT_GENÉRICO _OUTUBRO_24.xlsx
RIVAROXABANA  20MG C/30 COMP EMS,RIVAROXABANA COMP REV 20MG C/ 30,"R$ 38,45",98.41% (AI + Fuzzy),DEFAULT_GENÉRICO _OUTUBRO_24.xlsx
RIVAROXABANA  15MG C/30 COMP EMS,RIVAROXABANA COMP REV 15MG C/ 30,"R$ 39,01",98.41% (AI + Fuzzy),DEFAULT_GENÉRICO _OUTUBRO_24.xlsx
ROSUVASTATINA 10MG C/30 COMP ALT,ROSUVASTATINA CALCICA 10MG COM REV C/ 30,"R$ 9,91",100.00% (AI + Fuzzy),DEFAULT_GENÉRICO _OUTUBRO_24.xlsx
ROSUVASTATINA 20MG C/30 COMP TEUTO,ROSUVASTATINA CALCICA 20MG COM REV C/ 30,"R$ 15,71",100.00% (AI + Fuzzy),DEFAULT_GENÉRICO _OUTUBRO_24.xlsx
ROSUVASTATINA  5MG C/30 COMP ALT,ROSUVASTATINA CALCICA 10MG COM REV C/ 30,"R$ 9,91",96.20% (AI + Fuzzy),DEFAULT_GENÉRICO _OUTUBRO_24.xlsx
SIMETICONA 75MG GTS 10ML TEU,SIMETICONA GTS 75MG/ML 15ML,"R$ 3,93",96.30% (AI + Fuzzy),DEFAULT_GENÉRICO _OUTUBRO_24.xlsx
SIMETICONA 75MG GTS 15ML TEU,SIMETICONA GTS 75MG/ML 15ML,"R$ 3,93",100.00% (AI + Fuzzy),DEFAULT_GENÉRICO _OUTUBRO_24.xlsx
SINVASTATINA 10MG C/30 COMP REV BIO,ROSUVASTATINA CALCICA 10MG COM REV C/ 30,"R$ 9,91",93.67% (AI + Fuzzy),DEFAULT_GENÉRICO _OUTUBRO_24.xlsx
SUC. METOPROLOL 100MG C/30 COMP MED,SUCCINATO METOPROLOL COMP REV 100MG C/30,"R$ 31,72",100.00% (AI + Fuzzy),DEFAULT_GENÉRICO _OUTUBRO_24.xlsx
SUC. METOPROLOL 25MG C/30 COMP BLAB,SUCCINATO METOPROLOL COMP REV 25MG C/30,"R$ 9,19",100.00% (AI + Fuzzy),DEFAULT_GENÉRICO _OUTUBRO_24.xlsx
SUC.METOPROLOL 50MG C/30 COMP PHA,SUCCINATO METOPROLOL COMP REV 50MG C/30,"R$ 17,36",100.00% (AI + Fuzzy),DEFAULT_GENÉRICO _OUTUBRO_24.xlsx
SULF. HIDROXICLOROQUINA 400MG 30 COMP,SULFATO DE HIDROXICLOROQUINA 400MG 30CPR,"R$ 54,04",96.70% (AI + Fuzzy),DEFAULT_GENÉRICO _OUTUBRO_24.xlsx
TADALAFILA 20MG C/2 COMP BIO,TADALAFILA 20MG COM REV C/ 4,"R$ 11,82",96.15% (AI + Fuzzy),DEFAULT_GENÉRICO _OUTUBRO_24.xlsx
TADALAFILA 20MG C/4 COMP. BIOSIN,TADALAFILA 20MG COM REV C/ 4,"R$ 11,82",100.00% (AI + Fuzzy),DEFAULT_GENÉRICO _OUTUBRO_24.xlsx
ACICLOVIR 200MG C/25 COMP ACHE,ACICLOVIR 200MG 25CPD G GER,"R$ 13,99",100.00% (AI + Fuzzy),OL GERMED JUl_20250703 (ENVIO).xlsx
ACICLOVIR 200MG C/30 COMP UNIQ,ACICLOVIR 200MG 25CPD G GER,"R$ 13,99",92.59% (AI + Fuzzy),OL GERMED JUl_20250703 (ENVIO).xlsx
ACICLOVIR 400MG C/25 COMP RAN,ACICLOVIR 200MG 25CPD G GER,"R$ 13,99",96.30% (AI + Fuzzy),OL GERMED JUl_20250703 (ENVIO).xlsx
ALBENDAZOL 400MG C/1 COMP TEU,ALBENDAZOL 400MG 1CPD G GER,"R$ 2,05",100.00% (AI + Fuzzy),OL GERMED JUl_20250703 (ENVIO).xlsx
ALBENDAZOL 400MG C/3 COMP CIMED,ALBENDAZOL 400MG 1CPD G GER,"R$ 2,05",96.30% (AI + Fuzzy),OL GERMED JUl_20250703 (ENVIO).xlsx
ALBENDAZOL 400MG C/5 COMP PRATI,ALBENDAZOL 400MG 1CPD G GER,"R$ 2,05",96.30% (AI + Fuzzy),OL GERMED JUl_20250703 (ENVIO).xlsx
AMOXICILINA 500MG 21CPS BIO,AMOXICILINA 500MG 21CAP (AM) G GER,"R$ 10,77",100.00% (AI + Fuzzy),OL GERMED JUl_20250703 (ENVIO).xlsx
AMOXICILINA 875MG C/14 COMP EMS,AMOXICILINA 875MG 14CPD (AM) G GER,"R$ 29,30",92.06% (AI + Fuzzy),OL GERMED JUl_20250703 (ENVIO).xlsx
AMOXICILINA 875MG C/20 COMP EURO,AMOXICILINA 875MG 14CPD (AM) G GER,"R$ 29,30",94.12% (AI + Fuzzy),OL GERMED JUl_20250703 (ENVIO).xlsx
"ATENOLOL + CLORT.  50+12,5MG C/30 COMP BIO","ATENOLOL+CLORT 50+12,5MG 30CPD G GER","R$ 6,09",97.30% (AI + Fuzzy),OL GERMED JUl_20250703 (ENVIO).xlsx
ATENOLOL + CLORT. 100+25MG C/30 COMP GMD,"ATENOLOL+CLORT 50+12,5MG 30CPD G GER","R$ 6,09",90.41% (AI + Fuzzy),OL GERMED JUl_20250703 (ENVIO).xlsx
ATENOLOL 100MG C/30 MULTI,ATENOLOL 50MG 30CPD G GER,"R$ 4,14",90.20% (AI + Fuzzy),OL GERMED JUl_20250703 (ENVIO).xlsx
ATENOLOL 25MG C/30 COMP PRATI,ATENOLOL 25MG 30CPD G GER,"R$ 2,34",100.00% (AI + Fuzzy),OL GERMED JUl_20250703 (ENVIO).xlsx
ATENOLOL 50MG C/30 COMP VITA,ATENOLOL 50MG 30CPD G GER,"R$ 4,14",100.00% (AI + Fuzzy),OL GERMED JUl_20250703 (ENVIO).xlsx
BEZAFIBRATO 200MG C/20 COMP EMS,BEZAFIBRATO 200MG 20CPD G GER,"R$ 29,02",100.00% (AI + Fuzzy),OL GERMED JUl_20250703 (ENVIO).xlsx
BILASTINA 20MG C/15 COMP NEO,BILASTINA 20MG 20CPD G GER,"R$ 28,61",92.31% (AI + Fuzzy),OL GERMED JUl_20250703 (ENVIO).xlsx
BILASTINA 20MG C/30 COMP,BILASTINA 20MG 30CPD G GER,"R$ 45,02",100.00% (AI + Fuzzy),OL GERMED JUl_20250703 (ENVIO).xlsx
BIS. CLOPIDOGREL 75MG C/28 COMP SDZ,CLOPIDOGREL 75MG 28CPD G GER,"R$ 20,40",93.33% (AI + Fuzzy),OL GERMED JUl_20250703 (ENVIO).xlsx
"CABERGOLINA 0,5MG C/2 COMP EURO","CABERGOLINA 0,5MG 2CPD G GER","R$ 15,33",100.00% (AI + Fuzzy),OL GERMED JUl_20250703 (ENVIO).xlsx
CAPTOPRIL 25MG C/30 COMP UQ,CAPTOPRIL 50MG 30CPD G GER,"R$ 6,01",96.15% (AI + Fuzzy),OL GERMED JUl_20250703 (ENVIO).xlsx
CAPTOPRIL 50MG C/30 COMP EMS,CAPTOPRIL 50MG 30CPD G GER,"R$ 6,01",100.00% (AI + Fuzzy),OL GERMED JUl_20250703 (ENVIO).xlsx
CARVEDILOL 25MG C/30 COMP ZYD,CARVEDILOL 25MG 30CPD G GER,"R$ 10,29",100.00% (AI + Fuzzy),OL GERMED JUl_20250703 (ENVIO).xlsx
CEFALEXINA 1G C/ 8 COMP GMD,CEFALEXINA 1G 8CPD (AM) G GER,"R$ 64,00",90.57% (AI + Fuzzy),OL GERMED JUl_20250703 (ENVIO).xlsx
CEFALEXINA 500MG C/ 10 COMP GMD,CEFALEXINA 500MG 10CPD (AM) G GER,"R$ 12,99",91.80% (AI + Fuzzy),OL GERMED JUl_20250703 (ENVIO).xlsx
CELECOXIBE 200MG C/10 CAPS TEU,CELECOXIBE 200MG 10CAP (C1) G GER,"R$ 8,94",90.41% (AI + Fuzzy),OL GERMED JUl_20250703 (ENVIO).xlsx
CELECOXIBE 200MG C/30 CAPS EURO,CELECOXIBE 200MG 30CAP (C1) G GER,"R$ 25,04",90.41% (AI + Fuzzy),OL GERMED JUl_20250703 (ENVIO).xlsx
CETOPROFENO 150MG C/10 COMP,CETOPROFENO 150MG 10CPD LB G GER,"R$ 7,43",92.06% (AI + Fuzzy),OL GERMED JUl_20250703 (ENVIO).xlsx
CIT. SILDENAFILA 100MG C/4 COMP EURO,CITRATO DE SILDENAFILA 50MG 4CPD G GER,"R$ 4,40",96.10% (AI + Fuzzy),OL GERMED JUl_20250703 (ENVIO).xlsx
CIT. SILDENAFILA 25MG C/4 COMP SDZ,CITRATO DE SILDENAFILA 50MG 4CPD G GER,"R$ 4,40",97.37% (AI + Fuzzy),OL GERMED JUl_20250703 (ENVIO).xlsx
CIT. SILDENAFILA 50MG C/4 COMP SDZ,CITRATO DE SILDENAFILA 50MG 4CPD G GER,"R$ 4,40",100.00% (AI + Fuzzy),OL GERMED JUl_20250703 (ENVIO).xlsx
CL. BUPROPIONA 300MG C/30 COMP ,BUPROPIONA 300MG 30CPD LP (C1) G GER,"R$ 78,67",95.65% (AI + Fuzzy),OL GERMED JUl_20250703 (ENVIO).xlsx
CL. CICLOBENZAPRINA   5MG C/30 COMP GLB,CICLOBENZAPRINA 5MG 15CPD G GER,"R$ 4,52",93.55% (AI + Fuzzy),OL GERMED JUl_20250703 (ENVIO).xlsx
CL. CIPROFLOXACINO 500MG C/14 COMP ZYD,CIPROFLOXACINO 500MG 14CPD (AM) G GER,"R$ 11,83",92.75% (AI + Fuzzy),OL GERMED JUl_20250703 (ENVIO).xlsx
CL. CLOMIPRAMINA 25MG C/20 COMP EMS,CLOMIPRAMINA 25MG 20CPD (C1) G GER,"R$ 28,00",90.67% (AI + Fuzzy),OL GERMED JUl_20250703 (ENVIO).xlsx
CL. FEXOFENADINA  60MG C/10 COMP CIMED,FEXOFENADINA 120MG 10CPD G GER,"R$ 7,84",94.92% (AI + Fuzzy),OL GERMED JUl_20250703 (ENVIO).xlsx
CL. FEXOFENADINA 120MG C/10 COMP CIMED,FEXOFENADINA 120MG 10CPD G GER,"R$ 7,84",100.00% (AI + Fuzzy),OL GERMED JUl_20250703 (ENVIO).xlsx
CL. FEXOFENADINA 180MG C/10 COMP RAN,FEXOFENADINA 180MG 10CPD G GER,"R$ 10,92",100.00% (AI + Fuzzy),OL GERMED JUl_20250703 (ENVIO).xlsx
CL. HIDROXIZINA 25MG C/30 COMP EMS,HIDROXIZINA 25MG 30CPD G GER,"R$ 29,80",100.00% (AI + Fuzzy),OL GERMED JUl_20250703 (ENVIO).xlsx
CL. PAROXETINA 20MG C/30 COMP ZYD,PAROXETINA 20MG 30CPD (C1) G GER,"R$ 11,63",91.53% (AI + Fuzzy),OL GERMED JUl_20250703 (ENVIO).xlsx
CL. PIOGLITAZONA 15MG C/15 COMP NOVA,PIOGLITAZONA 45MG 15CPD G GER,"R$ 116,99",96.55% (AI + Fuzzy),OL GERMED JUl_20250703 (ENVIO).xlsx
CL. PIOGLITAZONA 30MG C/15 COMP GMD,PIOGLITAZONA 30MG 30CPD G GER,"R$ 63,27",93.10% (AI + Fuzzy),OL GERMED JUl_20250703 (ENVIO).xlsx
CL. PIOGLITAZONA 45MG C/15 COMP EMS,PIOGLITAZONA 45MG 15CPD G GER,"R$ 116,99",100.00% (AI + Fuzzy),OL GERMED JUl_20250703 (ENVIO).xlsx
CL. PROPRANOLOL 10MG C/30 COMP MED,PROPRANOLOL 40MG 60CPD G GER,"R$ 11,40",92.86% (AI + Fuzzy),OL GERMED JUl_20250703 (ENVIO).xlsx
CL. PROPRANOLOL 40MG C/30 COMP CIMED,PROPRANOLOL 40MG 60CPD G GER,"R$ 11,40",96.43% (AI + Fuzzy),OL GERMED JUl_20250703 (ENVIO).xlsx
CL. PROPRANOLOL 40MG C/40 COMP UQ,PROPRANOLOL 40MG 60CPD G GER,"R$ 11,40",96.43% (AI + Fuzzy),OL GERMED JUl_20250703 (ENVIO).xlsx
CL. PROPRANOLOL 40MG C/60 COMP GMD,PROPRANOLOL 40MG 60CPD G GER,"R$ 11,40",100.00% (AI + Fuzzy),OL GERMED JUl_20250703 (ENVIO).xlsx
CL. PROPRANOLOL 80MG C/30 COMP MED,PROPRANOLOL 40MG 60CPD G GER,"R$ 11,40",92.86% (AI + Fuzzy),OL GERMED JUl_20250703 (ENVIO).xlsx
"CL. TANSULOSINA 0,4MG C/30 COMP NEO","TANSULOSINA 0,4MG 30CPD LP G GER","R$ 35,49",100.00% (AI + Fuzzy),OL GERMED JUl_20250703 (ENVIO).xlsx
CL. TRAMADOL+PARACETAMOL C 10 COMP,TRAMADOL+PARACETAMOL 10CPD (A2) G GER,"R$ 13,41",100.00% (AI + Fuzzy),OL GERMED JUl_20250703 (ENVIO).xlsx
CL. TRAMADOL+PARACETAMOL C 20 COMP,TRAMADOL+PARACETAMOL 20CPD (A2) G GER,"R$ 24,59",100.00% (AI + Fuzzy),OL GERMED JUl_20250703 (ENVIO).xlsx
CL. TRAMADOL+PARACETAMOL C 30 COMP,TRAMADOL+PARACETAMOL 30CPD (A2) G GER,"R$ 32,81",100.00% (AI + Fuzzy),OL GERMED JUl_20250703 (ENVIO).xlsx
"CL. VENLAFAXINA  37,5MG C/30 CAPS LP MEDQUIMICA","VENLAFAXINA 37,5MG 30CAP (C1) G GER","R$ 18,20",100.00% (AI + Fuzzy),OL GERMED JUl_20250703 (ENVIO).xlsx
CL. VENLAFAXINA  75MG C/30 CAPS LP MED,"VENLAFAXINA 37,5MG 30CAP (C1) G GER","R$ 18,20",97.06% (AI + Fuzzy),OL GERMED JUl_20250703 (ENVIO).xlsx
CL. VENLAFAXINA 150MG C/30 CAPS G NVQ,"VENLAFAXINA 37,5MG 30CAP (C1) G GER","R$ 18,20",92.75% (AI + Fuzzy),OL GERMED JUl_20250703 (ENVIO).xlsx
CL. VERAPAMIL 120MG C/20 COMP BIO,VERAPAMIL 80MG 30CPD G GER,"R$ 12,28",90.57% (AI + Fuzzy),OL GERMED JUl_20250703 (ENVIO).xlsx
CL. VERAPAMIL 80MG C/30 COMP BIO,VERAPAMIL 80MG 30CPD G GER,"R$ 12,28",100.00% (AI + Fuzzy),OL GERMED JUl_20250703 (ENVIO).xlsx
CLORTALIDONA 25MG C/60 COMP EMS,CLORTALIDONA 50MG 30CPD G GER,"R$ 19,58",93.10% (AI + Fuzzy),OL GERMED JUl_20250703 (ENVIO).xlsx
CLORTALIDONA 50MG C/30 COMP EMS,CLORTALIDONA 50MG 30CPD G GER,"R$ 19,58",100.00% (AI + Fuzzy),OL GERMED JUl_20250703 (ENVIO).xlsx
DESLORATADINA 5MG C/10 COMP ZYD,DESLORATADINA 5MG 10CPD G GER,"R$ 7,82",100.00% (AI + Fuzzy),OL GERMED JUl_20250703 (ENVIO).xlsx
DESLORATADINA 5MG C/30 COMP GMD,DESLORATADINA 5MG 10CPD G GER,"R$ 7,82",96.55% (AI + Fuzzy),OL GERMED JUl_20250703 (ENVIO).xlsx
DESOGESTREL 75MCG C/28 COMP SDZ,DESOGESTREL 75MCG 28CPD G GER,"R$ 8,40",100.00% (AI + Fuzzy),OL GERMED JUl_20250703 (ENVIO).xlsx
DIAZEPAM  5MG C/30 COMP NOVA,DIAZEPAM 5MG 30CPD (B1) G GER,"R$ 3,27",90.57% (AI + Fuzzy),OL GERMED JUl_20250703 (ENVIO).xlsx
DICLOF. COLESTIRAMINA 70MG C/14 CAPS MED,DICLOF COLESTIRAMINA 70MG 14CAP G GER,"R$ 8,05",93.67% (AI + Fuzzy),OL GERMED JUl_20250703 (ENVIO).xlsx
DICLOF. COLESTIRAMINA 70MG C/20 CAPS EMS,DICLOF COLESTIRAMINA 70MG 14CAP G GER,"R$ 8,05",94.59% (AI + Fuzzy),OL GERMED JUl_20250703 (ENVIO).xlsx
"DICLOF. DIETILAMONIO 11,6MG 60G GEL TEU","DICLOF DIETILAMON 11,6MG/G GEL 60G G GER","R$ 10,99",100.00% (AI + Fuzzy),OL GERMED JUl_20250703 (ENVIO).xlsx
DICLOR. LEVOCETIRIZINA 5MG C/10 COMP EMS,DICLOR DE LEVOCETIRIZINA 5MG 10CPD G GER,"R$ 18,82",100.00% (AI + Fuzzy),OL GERMED JUl_20250703 (ENVIO).xlsx
DIENOGESTE 2MG C/30 COMP GMD,DIENOGESTE 2MG 30CPD G GER,"R$ 19,95",100.00% (AI + Fuzzy),OL GERMED JUl_20250703 (ENVIO).xlsx
DIPIRONA 500MG C/10 COMP EMS,DIPIRONA 500MG 30CPD G GER,"R$ 10,10",96.15% (AI + Fuzzy),OL GERMED JUl_20250703 (ENVIO).xlsx
DIPIRONA 500MG C/30 COMP GMD,DIPIRONA 500MG 30CPD G GER,"R$ 10,10",100.00% (AI + Fuzzy),OL GERMED JUl_20250703 (ENVIO).xlsx
DOMPERIDONA 10MG C/30 COMP EMS,DOMPERIDONA 10MG 30CPD G GER,"R$ 4,50",100.00% (AI + Fuzzy),OL GERMED JUl_20250703 (ENVIO).xlsx
DOMPERIDONA 10MG C/60 COMP RBX,DOMPERIDONA 10MG 60CPD G GER,"R$ 8,40",100.00% (AI + Fuzzy),OL GERMED JUl_20250703 (ENVIO).xlsx
ESOMEPRAZOL 20MG 28 COMP RAM,OMEPRAZOL 20MG 28CAP G GER,"R$ 4,63",92.59% (AI + Fuzzy),OL GERMED JUl_20250703 (ENVIO).xlsx
ESPIRONOLACTONA  25MG C/30 COMP EMS,ESPIRONOLACTONA 25MG 30CPD G GER,"R$ 8,47",100.00% (AI + Fuzzy),OL GERMED JUl_20250703 (ENVIO).xlsx
ESPIRONOLACTONA  50MG C/30 COMP EMS,ESPIRONOLACTONA 50MG 30CPD G GER,"R$ 16,79",100.00% (AI + Fuzzy),OL GERMED JUl_20250703 (ENVIO).xlsx
ESPIRONOLACTONA 100MG 30 COMP EMS,ESPIRONOLACTONA 100MG 30CPD G GER,"R$ 37,99",100.00% (AI + Fuzzy),OL GERMED JUl_20250703 (ENVIO).xlsx
ETODOLACO 400MG C/10 COMP GMD,ETODOLACO 400MG 10CPD G GER,"R$ 14,43",100.00% (AI + Fuzzy),OL GERMED JUl_20250703 (ENVIO).xlsx
ETODOLACO 400MG C/20 COMP GMD,ETODOLACO 400MG 20CPD G GER,"R$ 28,88",100.00% (AI + Fuzzy),OL GERMED JUl_20250703 (ENVIO).xlsx
ETODOLACO 500MG C/14 COMP ,ETODOLACO 400MG 10CPD G GER,"R$ 14,43",92.59% (AI + Fuzzy),OL GERMED JUl_20250703 (ENVIO).xlsx
ETORICOXIBE 60MG  7 COMP,ETORICOXIBE 90MG 7CPD (C1) G GER,"R$ 20,30",96.88% (AI + Fuzzy),OL GERMED JUl_20250703 (ENVIO).xlsx
ETORICOXIBE 60MG 14 COMP,ETORICOXIBE 90MG 14CPD (C1) G GER,"R$ 40,21",96.97% (AI + Fuzzy),OL GERMED JUl_20250703 (ENVIO).xlsx
ETORICOXIBE 90MG  7 COMP,ETORICOXIBE 90MG 7CPD (C1) G GER,"R$ 20,30",100.00% (AI + Fuzzy),OL GERMED JUl_20250703 (ENVIO).xlsx
ETORICOXIBE 90MG 14 COMP,ETORICOXIBE 90MG 14CPD (C1) G GER,"R$ 40,21",100.00% (AI + Fuzzy),OL GERMED JUl_20250703 (ENVIO).xlsx
EZETIMIBA+SINVASTATINA 10+20MG C/30CPR EMS,EZETIMIBA+SINVASTATI 10+20MG 30CPD G GER,"R$ 28,09",100.00% (AI + Fuzzy),OL GERMED JUl_20250703 (ENVIO).xlsx
EZETIMIBA+SINVASTATINA 10MG+40MG C/30CPR GERMED,EZETIMIBA+SINVASTATI 10+20MG 30CPD G GER,"R$ 28,09",95.12% (AI + Fuzzy),OL GERMED JUl_20250703 (ENVIO).xlsx
FENOFIBRATO 200MG C/30 COMP EMS,FENOFIBRATO 200MG 30CAP G GER,"R$ 90,00",96.55% (AI + Fuzzy),OL GERMED JUl_20250703 (ENVIO).xlsx
FINASTERIDA 1 MG 30 COMP BIO,FINASTERIDA 1MG 30CPD G GER,"R$ 14,60",100.00% (AI + Fuzzy),OL GERMED JUl_20250703 (ENVIO).xlsx
FINASTERIDA 5MG C/30CPR REV (NVQ),FINASTERIDA 5MG 30CPD G GER,"R$ 20,79",100.00% (AI + Fuzzy),OL GERMED JUl_20250703 (ENVIO).xlsx
FLUCONAZOL 150 MG 1 CAPS EMS,FLUCONAZOL 150MG 2CAP G GER,"R$ 6,26",96.30% (AI + Fuzzy),OL GERMED JUl_20250703 (ENVIO).xlsx
FLUCONAZOL 150 MG 2 COMP TEU,FLUCONAZOL 150MG 2CAP G GER,"R$ 6,26",96.30% (AI + Fuzzy),OL GERMED JUl_20250703 (ENVIO).xlsx
GABAPENTINA 300 MG 30 CAPS BIO,GABAPENTINA 300MG 30CAP (C1) G GER,"R$ 19,82",90.67% (AI + Fuzzy),OL GERMED JUl_20250703 (ENVIO).xlsx
GLIBENCLAMIDA 5 MG 30 COMP BIO,GLIBENCLAMIDA 5MG 30CPD G GER,"R$ 2,24",100.00% (AI + Fuzzy),OL GERMED JUl_20250703 (ENVIO).xlsx
GLIMEPIRIDA 2 MG 30 COMP LEGRAND,GLIMEPIRIDA 2MG 30CPD G GER,"R$ 6,92",100.00% (AI + Fuzzy),OL GERMED JUl_20250703 (ENVIO).xlsx
HIDROCLOROTIAZIDA 25MG C/30 COMP NEO,HIDROCLOROTIAZIDA 25MG 30CPD G GER,"R$ 1,96",100.00% (AI + Fuzzy),OL GERMED JUl_20250703 (ENVIO).xlsx
HIDROCLOROTIAZIDA 50 MG 20 COMP EMS,HIDROCLOROTIAZIDA 25MG 30CPD G GER,"R$ 1,96",94.12% (AI + Fuzzy),OL GERMED JUl_20250703 (ENVIO).xlsx
HIDROQUINONA 40 MG CR 30 G EMS,HIDROQUINONA 40MG/G CRM 30G G GER,"R$ 46,99",100.00% (AI + Fuzzy),OL GERMED JUl_20250703 (ENVIO).xlsx
HIDROQUINONA 40 MG GEL 30 G LEG,HIDROQUINONA 40MG/G GEL 30G G GER,"R$ 42,58",100.00% (AI + Fuzzy),OL GERMED JUl_20250703 (ENVIO).xlsx
IBANDRONATO DE SODIO 150MG 1COMP GERMED,IBANDRONATO SODIO 150MG 1CPD G GER,"R$ 17,81",100.00% (AI + Fuzzy),OL GERMED JUl_20250703 (ENVIO).xlsx
"INDAPAMIDA 1,5MG C/30 COMP EURO","INDAPAMIDA 1,5MG 30CPD LP G GER","R$ 8,88",100.00% (AI + Fuzzy),OL GERMED JUl_20250703 (ENVIO).xlsx
"INDAPAMIDA 1,5MG C/60 COMP EURO","INDAPAMIDA 1,5MG 30CPD LP G GER","R$ 8,88",96.43% (AI + Fuzzy),OL GERMED JUl_20250703 (ENVIO).xlsx
ITRACONAZOL 100 MG 15 CAP EURO,ITRACONAZOL 100MG 15CAP G GER,"R$ 20,97",100.00% (AI + Fuzzy),OL GERMED JUl_20250703 (ENVIO).xlsx
ITRACONAZOL 100 MG 4 COMP,ITRACONAZOL 100MG 4CAP G GER,"R$ 6,21",96.43% (AI + Fuzzy),OL GERMED JUl_20250703 (ENVIO).xlsx
IVERMECTINA 6 MG 4 COMP GMD,IVERMECTINA 6MG 4CPD G GER,"R$ 4,49",100.00% (AI + Fuzzy),OL GERMED JUl_20250703 (ENVIO).xlsx
LANSOPRAZOL 15 MG 28 CAPS MED,LANSOPRAZOL 30MG 28CAP LR G GER,"R$ 37,40",92.86% (AI + Fuzzy),OL GERMED JUl_20250703 (ENVIO).xlsx
LANSOPRAZOL 30 MG 28 CAPS EMS,LANSOPRAZOL 30MG 28CAP LR G GER,"R$ 37,40",100.00% (AI + Fuzzy),OL GERMED JUl_20250703 (ENVIO).xlsx
LEVETIRACETAN  250 MG 30 COMP,LEVETIRACETAM 250MG 30CPD (C1) G GER,"R$ 19,57",91.14% (AI + Fuzzy),OL GERMED JUl_20250703 (ENVIO).xlsx
LEVETIRACETAN  500 MG 30 COMP,LEVETIRACETAM 500MG 30CPD (C1) G GER,"R$ 36,65",91.14% (AI + Fuzzy),OL GERMED JUl_20250703 (ENVIO).xlsx
"LOSARTANA + HCT  50 + 12,5MG C/30 COMP BIO","LOSARTANA+HCT 50+12,5MG 30CPD G GER","R$ 14,46",94.59% (AI + Fuzzy),OL GERMED JUl_20250703 (ENVIO).xlsx
LOSARTANA + HCT 100+25MG C/30 COMP MED,"LOSARTANA+HCT 50+12,5MG 30CPD G GER","R$ 14,46",90.14% (AI + Fuzzy),OL GERMED JUl_20250703 (ENVIO).xlsx
LOSARTANA 100 MG 30 COMP GERM,LOSARTANA 100MG 30CPD G GER,"R$ 24,90",100.00% (AI + Fuzzy),OL GERMED JUl_20250703 (ENVIO).xlsx
MAL.DEXCLORF 2MG C/20 COMP NEO,MAL DEXCLORF 2MG 20CPD G GER,"R$ 5,77",100.00% (AI + Fuzzy),OL GERMED JUl_20250703 (ENVIO).xlsx
MAL.ENALAPRIL  5MG C/30 COMP EMS,ENALAPRIL 5MG 30CPD G GER,"R$ 3,73",100.00% (AI + Fuzzy),OL GERMED JUl_20250703 (ENVIO).xlsx
MAL.ENALAPRIL 20MG C/30CPR PHAR,ENALAPRIL 20MG 30CPD G GER,"R$ 4,37",100.00% (AI + Fuzzy),OL GERMED JUl_20250703 (ENVIO).xlsx
MES.DOXAZOSINA 2MG C/30 COMP GMD,DOXAZOSINA 2MG 30CPD G GER,"R$ 5,95",100.00% (AI + Fuzzy),OL GERMED JUl_20250703 (ENVIO).xlsx
MES.DOXAZOSINA 4 MG 30 COMP EUR,DOXAZOSINA 2MG 30CPD G GER,"R$ 5,95",96.15% (AI + Fuzzy),OL GERMED JUl_20250703 (ENVIO).xlsx
MESALAZINA  400MG 30 COMP NEO,MESALAZINA 800MG 30CPD G GER,"R$ 80,00",96.43% (AI + Fuzzy),OL GERMED JUl_20250703 (ENVIO).xlsx
MESALAZINA  800 MG 30 COMP EMS,MESALAZINA 800MG 30CPD G GER,"R$ 80,00",100.00% (AI + Fuzzy),OL GERMED JUl_20250703 (ENVIO).xlsx
MESALAZINA 1200MG 30 COMP,MESALAZINA 800MG 30CPD G GER,"R$ 80,00",94.74% (AI + Fuzzy),OL GERMED JUl_20250703 (ENVIO).xlsx
NEBIVOLOL 5MG 30CPD G TRT,NEBIVOLOL 5MG 30CPD G GER,"R$ 16,50",100.00% (AI + Fuzzy),OL GERMED JUl_20250703 (ENVIO).xlsx
NIMESULIDA 100 MG 12 COMP,NIMESULIDA 100MG 12CPD G GER,"R$ 2,07",100.00% (AI + Fuzzy),OL GERMED JUl_20250703 (ENVIO).xlsx
NITAZOXANIDA 20MG 100ML EURO,NITAZOXANIDA 20MG/ML SP OR 100ML G GER,"R$ 22,90",100.00% (AI + Fuzzy),OL GERMED JUl_20250703 (ENVIO).xlsx
NITAZOXANIDA 20MG 45ML GERMED,NITAZOXANIDA 20MG/ML SP OR 45ML G GER,"R$ 10,31",100.00% (AI + Fuzzy),OL GERMED JUl_20250703 (ENVIO).xlsx
NITAZOXANIDA 500MG 6 COMP GER,NITAZOXANIDA 500MG 6CPD G GER,"R$ 19,70",100.00% (AI + Fuzzy),OL GERMED JUl_20250703 (ENVIO).xlsx
NITRAZEPAM 5MG C/20 COMP GMD,NITRAZEPAM 5MG 20CPD (B1) G GER,"R$ 11,02",91.23% (AI + Fuzzy),OL GERMED JUl_20250703 (ENVIO).xlsx
"OLANZAPINA  2,5MG 30 COMP BIOS","OLANZAPINA 2,5MG 30CPD (C1) G GER","R$ 15,09",100.00% (AI + Fuzzy),OL GERMED JUl_20250703 (ENVIO).xlsx
OLANZAPINA  5MG 30COMP GERMED,OLANZAPINA 5MG 30CPD (C1) G GER,"R$ 22,27",91.23% (AI + Fuzzy),OL GERMED JUl_20250703 (ENVIO).xlsx
OLANZAPINA 10MG C/30COMP NOVA,OLANZAPINA 10MG 30CPD (C1) G GER,"R$ 46,74",91.53% (AI + Fuzzy),OL GERMED JUl_20250703 (ENVIO).xlsx
OLMESARTANA + ANLO 20+5 MG 30 COMP,OLMESARTANA MED+ANLOD 20+5MG 30CPD G GER,"R$ 35,98",97.56% (AI + Fuzzy),OL GERMED JUl_20250703 (ENVIO).xlsx
OLMESARTANA + ANLO 40+10 MG 30 COMP,OLMESARTANA MED+ANLO 40+10MG 30CPD G GER,"R$ 44,99",97.62% (AI + Fuzzy),OL GERMED JUl_20250703 (ENVIO).xlsx
OLMESARTANA + ANLO 40+5 MG 30 COMP,OLMESARTANA MED+ANLOD 40+5MG 30CPD G GER,"R$ 40,70",97.56% (AI + Fuzzy),OL GERMED JUl_20250703 (ENVIO).xlsx
"OLMESARTANA + HCT 20/12,5MG C/30 NEO","OLMESARTANA MD+HCT 20+12,5MG 30CPD G GER","R$ 21,79",96.30% (AI + Fuzzy),OL GERMED JUl_20250703 (ENVIO).xlsx
"OLMESARTANA + HCT 40/12,5MG C/30 COMP EMS","OLMESARTANA MD+HCT 40+12,5MG 30CPD G GER","R$ 28,20",96.20% (AI + Fuzzy),OL GERMED JUl_20250703 (ENVIO).xlsx
OLMESARTANA + HCT 40/25MG C/30 COMP NEO,OLMESARTANA MD+HCT 40+25MG 30CPD G GER,"R$ 26,71",96.10% (AI + Fuzzy),OL GERMED JUl_20250703 (ENVIO).xlsx
OMEPRAZOL 20MG 28 CAPS EMS,OMEPRAZOL 20MG 28CAP G GER,"R$ 4,63",100.00% (AI + Fuzzy),OL GERMED JUl_20250703 (ENVIO).xlsx
OMEPRAZOL 40 MG 7 CAPS BIO,OMEPRAZOL 20MG 28CAP G GER,"R$ 4,63",90.20% (AI + Fuzzy),OL GERMED JUl_20250703 (ENVIO).xlsx
ORLISTATE 120 MG 30 CAPS. NEO,ORLISTATE 120MG 30CAP G GER,"R$ 54,99",100.00% (AI + Fuzzy),OL GERMED JUl_20250703 (ENVIO).xlsx
ORLISTATE 120 MG 42 CAPS EMS,ORLISTATE 120MG 42CAP G GER,"R$ 77,17",100.00% (AI + Fuzzy),OL GERMED JUl_20250703 (ENVIO).xlsx
ORLISTATE 120 MG 84 CAPS. PRATI,ORLISTATE 120MG 84CAP G GER,"R$ 131,95",100.00% (AI + Fuzzy),OL GERMED JUl_20250703 (ENVIO).xlsx
PANTOPRAZOL 20MG C/28 COMP NOVA,PANTOPRAZOL 20MG 28CPD G GER,"R$ 6,73",100.00% (AI + Fuzzy),OL GERMED JUl_20250703 (ENVIO).xlsx
PANTOPRAZOL 40 MG 28 COMP SANDOZ,PANTOPRAZOL 40MG 28CPD G GER,"R$ 8,58",100.00% (AI + Fuzzy),OL GERMED JUl_20250703 (ENVIO).xlsx
PARACETAMOL 500 MG 20 COMP TEU,PARACETAMOL 750MG 20CPD G GER,"R$ 7,15",96.55% (AI + Fuzzy),OL GERMED JUl_20250703 (ENVIO).xlsx
PARACETAMOL 750MG C/20 COMP,PARACETAMOL 750MG 20CPD G GER,"R$ 7,15",100.00% (AI + Fuzzy),OL GERMED JUl_20250703 (ENVIO).xlsx
PARACETAMOL BEBE GTS 15ML LEG,PARACETAMOL BEBE GTS 15ML G GER,"R$ 11,99",100.00% (AI + Fuzzy),OL GERMED JUl_20250703 (ENVIO).xlsx
PENTOXIFILINA 400 MG 20 COMP EMS,PENTOXIFILINA 400MG 30CPD G GER,"R$ 55,33",96.77% (AI + Fuzzy),OL GERMED JUl_20250703 (ENVIO).xlsx
PENTOXIFILINA 400 MG 30 COMP EMS,PENTOXIFILINA 400MG 30CPD G GER,"R$ 55,33",100.00% (AI + Fuzzy),OL GERMED JUl_20250703 (ENVIO).xlsx
PIROXICAM 20 MG 10 CAPS PHA,PIROXICAM 20MG 10CAP G GER,"R$ 5,00",100.00% (AI + Fuzzy),OL GERMED JUl_20250703 (ENVIO).xlsx
PIROXICAM 20 MG 15 CAPS NEO,PIROXICAM 20MG 15CAP G GER,"R$ 7,17",100.00% (AI + Fuzzy),OL GERMED JUl_20250703 (ENVIO).xlsx
PITAVASTATINA 2MG C/30 COMP EURO,PITAVASTATINA 2MG 30CPD G GER,"R$ 48,01",100.00% (AI + Fuzzy),OL GERMED JUl_20250703 (ENVIO).xlsx
PITAVASTATINA 4MG C/30 COMP EURO,PITAVASTATINA 2MG 30CPD G GER,"R$ 48,01",96.55% (AI + Fuzzy),OL GERMED JUl_20250703 (ENVIO).xlsx
PREDNISOLONA 20MG C/10 COMP LEG,PREDNISOLONA 20MG 10CPD G GER,"R$ 6,42",100.00% (AI + Fuzzy),OL GERMED JUl_20250703 (ENVIO).xlsx
PREDNISOLONA 40MG C/10 COMP ALT,PREDNISOLONA 20MG 10CPD G GER,"R$ 6,42",96.55% (AI + Fuzzy),OL GERMED JUl_20250703 (ENVIO).xlsx
PREDNISOLONA 40MG C/7 COMP ALT,PREDNISOLONA 20MG 10CPD G GER,"R$ 6,42",91.23% (AI + Fuzzy),OL GERMED JUl_20250703 (ENVIO).xlsx
PREDNISOLONA 5MG C/10 COMP EURO,PREDNISOLONA 20MG 10CPD G GER,"R$ 6,42",94.74% (AI + Fuzzy),OL GERMED JUl_20250703 (ENVIO).xlsx
PREDNISOLONA 5MG C/20 COMP ALTH,PREDNISONA 5MG 20CPD G GER,"R$ 4,72",96.30% (AI + Fuzzy),OL GERMED JUl_20250703 (ENVIO).xlsx
PREDNISONA 5MG C/20 COMP NEO,PREDNISONA 5MG 20CPD G GER,"R$ 4,72",100.00% (AI + Fuzzy),OL GERMED JUl_20250703 (ENVIO).xlsx
PREGABALINA 150MG C/30 COMP NEO,PREGABALINA 75MG 30CAP (C1) G GER,"R$ 11,88",90.91% (AI + Fuzzy),OL GERMED JUl_20250703 (ENVIO).xlsx
PREGABALINA 50MG C/30 COMP EUR,PREGABALINA 75MG 30CAP (C1) G GER,"R$ 11,88",92.31% (AI + Fuzzy),OL GERMED JUl_20250703 (ENVIO).xlsx
PREGABALINA 75MG C/30 COMP EUR,PREGABALINA 75MG 30CAP (C1) G GER,"R$ 11,88",95.38% (AI + Fuzzy),OL GERMED JUl_20250703 (ENVIO).xlsx
RISEDRONATO SODICO 150MG C/1 COMP GMD,RISEDRONATO SODICO 35MG 4CPD G GER,"R$ 32,65",92.75% (AI + Fuzzy),OL GERMED JUl_20250703 (ENVIO).xlsx
RISEDRONATO SODICO 35MG C/4 COMP EMS,RISEDRONATO SODICO 35MG 4CPD G GER,"R$ 32,65",100.00% (AI + Fuzzy),OL GERMED JUl_20250703 (ENVIO).xlsx
RISPERIDONA 1 MG 30 ML GER,RISPERIDONA 1MG/ML SL OR 30ML (C1) G GER,"R$ 31,99",96.39% (AI + Fuzzy),OL GERMED JUl_20250703 (ENVIO).xlsx
SIMETICONA 125MG C/10 CPS MED,SIMETICONA 125MG 10CAP GER,"R$ 4,51",96.43% (AI + Fuzzy),OL GERMED JUl_20250703 (ENVIO).xlsx
SINVASTATINA 20 MG 30 COMP BIO,SINVASTATINA 20MG 30CPD G GER,"R$ 4,64",100.00% (AI + Fuzzy),OL GERMED JUl_20250703 (ENVIO).xlsx
SINVASTATINA 40MG C/30 COMP SDZ,SINVASTATINA 40MG 30CPD G GER,"R$ 6,93",100.00% (AI + Fuzzy),OL GERMED JUl_20250703 (ENVIO).xlsx
TADALAFILA 20MG C/2 COMP BIO,TADALAFILA 20MG 4CPD G GER,"R$ 17,50",96.15% (AI + Fuzzy),OL GERMED JUl_20250703 (ENVIO).xlsx
TADALAFILA 20MG C/4 COMP. BIOSIN,TADALAFILA 20MG 4CPD G GER,"R$ 17,50",100.00% (AI + Fuzzy),OL GERMED JUl_20250703 (ENVIO).xlsx
TADALAFILA 5MG 30CPD SDZ,TADALAFILA 5MG 30CPD G GER,"R$ 16,40",100.00% (AI + Fuzzy),OL GERMED JUl_20250703 (ENVIO).xlsx
"TIBOLONA 2,5 MG 30 COMP  GERM","TIBOLONA 2,5MG 30CPD G GER","R$ 27,20",100.00% (AI + Fuzzy),OL GERMED JUl_20250703 (ENVIO).xlsx
TINIDAZOL 500 MG 4 COMP EMS,TINIDAZOL 500MG 4CPD G GER,"R$ 12,10",100.00% (AI + Fuzzy),OL GERMED JUl_20250703 (ENVIO).xlsx
TOBRAMICINA 3MG/ML SOL OFT FR 5ML,TOBRAMICINA 3MG/ML SL OF 5ML (AM) G GER,"R$ 13,99",100.00% (AI + Fuzzy),OL GERMED JUl_20250703 (ENVIO).xlsx
TOPIRAMATO 100MG 60 COMP EUR,TOPIRAMATO 50MG 60CPD (C1) G GER,"R$ 25,84",95.38% (AI + Fuzzy),OL GERMED JUl_20250703 (ENVIO).xlsx
TOPIRAMATO 25MG C/60 COMP NOVA,TOPIRAMATO 25MG 60CPD (C1) G GER,"R$ 13,99",100.00% (AI + Fuzzy),OL GERMED JUl_20250703 (ENVIO).xlsx
TOPIRAMATO 50 MG 60 COMP BIO,TOPIRAMATO 50MG 60CPD (C1) G GER,"R$ 25,84",100.00% (AI + Fuzzy),OL GERMED JUl_20250703 (ENVIO).xlsx
VALSARTANA  80 MG 30 COMP GERM,VALSARTANA 80MG 30CPD G GER,"R$ 22,56",100.00% (AI + Fuzzy),OL GERMED JUl_20250703 (ENVIO).xlsx
VALSARTANA 160 MG 30 COMP,VALSARTANA 160MG 30CPD G GER,"R$ 24,47",100.00% (AI + Fuzzy),OL GERMED JUl_20250703 (ENVIO).xlsx
VALSARTANA 320 MG 30 COMP NQ,VALSARTANA 320MG 30CPD G GER,"R$ 43,82",100.00% (AI + Fuzzy),OL GERMED JUl_20250703 (ENVIO).xlsx
"VALSARTANA+HCT  80+12,5MG C/30 COMP","LOSARTANA+HCT 50+12,5MG 30CPD G GER","R$ 14,46",95.77% (AI + Fuzzy),OL GERMED JUl_20250703 (ENVIO).xlsx
"VALSARTANA+HCT 160+12,5 MG 30 COMP NVQ","LOSARTANA+HCT 50+12,5MG 30CPD G GER","R$ 14,46",91.67% (AI + Fuzzy),OL GERMED JUl_20250703 (ENVIO).xlsx
VALSARTANAHCT 160+25 MG 30 COMP GERM,VALSARTANA 160MG 30CPD G GER,"R$ 24,47",90.32% (AI + Fuzzy),OL GERMED JUl_20250703 (ENVIO).xlsx
ALBENDAZOL 400MG C/1 COMP TEU,ALBENDAZOL 400MG 1BLX3 COMP MAST,"R$ 3,49",96.30% (AI + Fuzzy),Tabela  Preços.xlsx
ALBENDAZOL 400MG C/3 COMP CIMED,ALBENDAZOL 400MG 1BLX3 COMP MAST,"R$ 3,49",100.00% (AI + Fuzzy),Tabela  Preços.xlsx
ALBENDAZOL 400MG C/5 COMP PRATI,ALBENDAZOL 400MG 1BLX3 COMP MAST,"R$ 3,49",96.30% (AI + Fuzzy),Tabela  Preços.xlsx
ATORVASTATINA 40MG C/30 COMP CIMED,ATORVASTATINA 40MG COMP REV 3BL X 10,"R$ 10,99",91.36% (AI + Fuzzy),Tabela  Preços.xlsx
CETOCONAZOL 200MG C/30 COMP TEU,CETOCONAZOL 20MG/G CREM BG 30,"R$ 4,29",94.55% (AI + Fuzzy),Tabela  Preços.xlsx
CL. CICLOBENZAPRINA   5MG C/30 COMP GLB,CICLOBENZAPRINA 5MG 1BLX30 COMP REV,"R$ 2,99",100.00% (AI + Fuzzy),Tabela  Preços.xlsx
CL. SERTRALINA 100MG C/30COMP EURO,CLOR SERTRALINA 100MG COMP REV 1BLX30,"R$ 10,29",100.00% (AI + Fuzzy),Tabela  Preços.xlsx
IBUPROFENO 100MG GTS 20ML MED,IBUPROFENO 100 MG/ML SUSP ORAL 20ML,"R$ 2,99",91.18% (AI + Fuzzy),Tabela  Preços.xlsx
NIMESULIDA 50MG GTS 15ML VITA,NIMESULIDA 50 MG/ML SUS OR FR 15 ML,"R$ 2,99",93.94% (AI + Fuzzy),Tabela  Preços.xlsx
OMEPRAZOL 20MG 28 CAPS EMS,OMEPRAZOL 20MG X 28 CAPS,"R$ 2,89",96.30% (AI + Fuzzy),Tabela  Preços.xlsx
OMEPRAZOL 20MG C/56CP GLB,OMEPRAZOL 20MG X 56 CAPS,"R$ 3,99",92.59% (AI + Fuzzy),Tabela  Preços.xlsx
