Descrição,MENOR PRECO,LABORATORIO,RANBAXY,BELFAR,NATULAB,PHAR LAB,E M S,VITA MEDIC,SANDOZ,NEO QUIM,CIMED,GERMED,GEOLAB,ACHE,NOVA QUIM,UNIAO QUIM,BIOLAB,PRATI,TEUTO,MEDLEY, EUROFARMA,ALTHAIA,Price_Cimed,Price_ems,Price_Germed,Price_Medley,Price_neo quim
ACEBROFILINA AD 120ML XRP CIMED,8.85,ACHE,,,,,15.08,,,14.29,9.19,15.17,11.49,8.85,12.39,,,,8.99,,11.06,,,,,,
ACEBROFILINA INF. 120ML XRP GLO,5.99,CIMED,,,,,9.58,,,8.95,5.99,,8.89,6.27,,,,,,,8.79,,,,,,
ACECLOFENACO 100MG C/12 COMP CIMED,4.99,CIMED,7.47,,,,9.75,5.73,,,4.99,10.15,,,8.21,,,,,,11.44,,"R$ 4,99","R$ 38,32","R$ 9,71",,
ACECLOFENACO 30G CR EMS,27.76,GERMED,,,,,,,,,,27.76,,,,,,,,,,,,,,,
ACET. CIPROT. + ETINILESTRADIOL C/21 COMP NEO,7.55,ACHE,,,,,,,,,,,,7.55,,,,,,,,,,,,,
ACET. CIPROT. + ETINILESTRADIOL C/63 COMP NEO,18.38,ACHE,,,,,,,,,,,,18.38,,,,,,,,,,,,,
ACET. CLORMADINONA + ETINIL X21 CPR  VER,15.21,ALTHAIA,,,,,,,,,,,,,,,,,,,,15.21,,,,,
ACET. DEXAMETASONA 10G CR CIMED,1.74,TEUTO,,,,2.41,3.84,3.85,,,,3.94,2.99,,2.96,3.11,,3.04,1.74,,,,,,,,
ACET. FLUOCINOLONA + ASSOC 30G MED,8.62,TEUTO,,,,,,,,,,,,,,,,,8.62,,,,,,,,
ACET. HIDROCORTISONA 15G CR TEUTO,5.45,TEUTO,,,,,,,,,,,,,,,,,5.45,,,,,,,,
ACET. HIDROCORTISONA 20G CR UQ,6.13,UNIAO QUIM,,,,,,,,,,,,,,6.13,,,,,,,,,,,
ACET. TRIANC. + GRAM. + NEOM. + NIST. 30G CR MED,9.22,E M S,,,,,9.22,,,,,,,,,,,,,,10.73,,,,,,
ACET. TRIANC. + GRAM. + NEOM. + NIST. 30G POM EMS,0.0,,,,,,,,,,,,,,,,,,,,,,,,,,
ACET. TRIANCINOLONA ORABASE 10G PRATI,4.1,PRATI,,,,,4.25,,,,4.49,4.45,5.76,,,,,4.1,,,5.67,,,,,,
ACET.CLORMADINONA+ETINILESTRADIOL C/21 COMP EUR,0.0,,,,,,,,,,,,,,,,,,,,,,,,,,
ACET.PREDNISOLONA 5ML COL GEO,12.99,GEOLAB,,,,,,,,,,,12.99,,,,,,,,,,,,,,
ACETILCISTEINA 100MG C/16 ENV EURO,15.02, EUROFARMA,,,,,,,,,,,,,,,,15.98,,,15.02,,,,,,
ACETILCISTEINA 200MG C/16 ENV PRATI,16.77, EUROFARMA,,,,,21.83,,,,,,,,,,,18.07,,,16.77,,,,,,
ACETILCISTEINA 600MG C/16 ENV EMS,16.99,GEOLAB,,,,,23.69,,,,,26.82,16.99,,,,,24.65,,,25.4,,,,,,
ACETILCISTEINA AD 120ML XRP PRATI,10.88,E M S,,,,,10.88,,,,,12.53,10.99,12.35,,,,,,,17.19,,,,,,
ACETILCISTEINA INF 120ML XRP EURO,8.59,GEOLAB,,,,,10.33,,,,,11.2,8.59,,,8.74,,,,,9.89,,,,,,
ACICLOVIR 10G CR PRATI,3.09,CIMED,,,,3.67,6.59,4.59,,,3.09,6.3,,6.22,,,,4.83,3.62,7.98,,,,,,,
ACICLOVIR 200MG C/25 COMP ACHE,7.55,TEUTO,,,,8.21,,,7.98,,,9.2,,,,,,,7.55,,22.01,,,,,,
ACICLOVIR 200MG C/30 COMP UNIQ,8.59,CIMED,17.71,,,,,,30.78,,8.59,,,,,14.53,,11.68,,,,,,,,,
ACICLOVIR 400MG C/25 COMP RAN,48.19,E M S,,,,,48.19,,,,,,,,,,,,,,,,,,,,
ACICLOVIR 400MG C/30 COMP,33.17,PRATI,35.44,,,,,,,,,,,,,,,33.17,,,,,,,,,
"ACICOVIR POM OFTALMICA 4,5G",46.51,PHAR LAB,,,,46.51,,,,,,,,,,,,,,,,,,,,,
ACIDO ACETILSALIC. 100MG C/30 COMP EMS,8.86,E M S,,,,,8.86,,,,,,,,,,,,,,,,,,,,
ACIDO ACETILSALIC. 100MG RET C/30 COMP EURO,7.59, EUROFARMA,,,,,,,,,,,,,,,,,,,7.59,,,,,,
ACIDO ACETILSALIC. 100MG RET C/60 COMP EURO,13.01, EUROFARMA,,,,,,,,,,,,,,,,,,,13.01,,,"R$ 10,88",,,
ACIDO FUSIDICO + VAL. BETAM. 15G CR EMS,40.14,NOVA QUIM,,,,,,,,,,,,,40.14,,,,,,,,,,,,
ACIDO FUSIDICO 20MG 15G CR NEO,0.0,,,,,,,,,,,,,,,,,,,,,,,,,,
ACIDO MEFENAMICO 500MG C/12 COMP EMS,7.8,MEDLEY,,,,,,,,,,,,,,,,,,7.8,,,,"R$ 23,37","R$ 13,60","R$ 7,43",
ACIDO MEFENAMICO 500MG C/24 COMP MED,11.49,MEDLEY,,,,,13.57,,,,,13.21,,,,,,,,11.49,,,,"R$ 23,37","R$ 13,60","R$ 10,94",
ACIDO TRANEXAMICO 250MG C/12 COMP EMS,43.15,E M S,,,,,43.15,,,,,,,,,,,,,,,,,"R$ 44,03",,,
ACIDO URSODESOXICOLICO 150MG C/30 COMP,38.29,RANBAXY,38.29,,,,42.94,,,,,,,,,,44.84,,,,,,,,,,
ACIDO URSODESOXICOLICO 300MG C/30 COMP,80.44,RANBAXY,80.44,,,,100.88,,,,,,,,,,86.1,,,,,,,"R$ 155,54",,,
ACIDO VALPROICO 250MG 25 CAPS,14.15,BIOLAB,,,,,,,,,,,,,,,14.15,,,,,,,,,,
ADAPALENO 30G CR EMS,0.0,,,,,,,,,,,,,,,,,,,,,,,,,,
ADAPALENO 30G GEL BIO,21.34,GERMED,,,,,,,,,,21.34,,,,,,,,25.74,,,,,,,
ALBENDAZOL 10ML PRATI,2.16,PRATI,,,,,5.26,,,,,,2.39,,4.56,,,2.16,2.28,,,,,,,,
ALBENDAZOL 400MG C/1 COMP TEU,1.49,CIMED,,,,,,,,,1.49,2.14,1.69,,,,,1.61,,2.22,,,"R$ 3,49",,,,
ALBENDAZOL 400MG C/3 COMP CIMED,3.49,CIMED,,,,,,,,,3.49,,4.29,,,,,3.92,,6.61,,,"R$ 1,49",,"R$ 2,05","R$ 6,37",
ALBENDAZOL 400MG C/5 COMP PRATI,5.65,PRATI,,,,,,,,,,,6.29,,,,,5.65,,,,,"R$ 1,49",,"R$ 2,05","R$ 2,14",
ALENDRONATO SOD. 70MG C/4 COMP BIO,2.35,UNIAO QUIM,,,,,2.48,,7.52,,,2.48,,,,2.35,,,2.38,,4.68,,,,,,
"ALFAESTRADIOL 0,25MG 100ML",99.01,BIOLAB,,,,,,,,,,,,,,,99.01,,,,,,,,,,
ALGESTONA  ACETOF. + ENANT. ESTRADIOL 1 AMP MABRA,9.08, EUROFARMA,,,,,11.36,,,,,10.58,,,,,,,,,9.08,,,,,,
ALOPURINOL 100MG C/30 COMP MED,4.48,MEDLEY,,,,,,,4.94,,,,,,,,,5.76,,4.48,,,,,,,
ALOPURINOL 300MG C/30 COMP SDZ,9.99,SANDOZ,,,,,,,9.99,,,,,,,,,12.84,,13.41,,,,,,,
"ALPRAZOLAM 0,25MG C/30 COMP MED",4.23,GERMED,,,,,4.52,,,,,4.23,,,,,,,,4.55,,,,"R$ 13,87","R$ 4,59","R$ 4,44",
"ALPRAZOLAM 0,5MG C/30 COMP ZYD",1.89,NOVA QUIM,,,,,3.28,,,,,3.44,,2.81,1.89,,,,4.17,2.48,,,,"R$ 12,28","R$ 3,37","R$ 2,41",
ALPRAZOLAM 1MG C/30 COMP ZYDUS,4.06,TEUTO,,,,,4.56,,,,,4.71,,4.42,,,,,4.06,8.04,4.44,,,"R$ 24,09","R$ 4,81","R$ 7,83",
ALPRAZOLAM 2MG C/30 COMP TEU,6.24,TEUTO,,,,,9.19,,,,,8.46,,6.25,6.69,,,,6.24,10.01,7.48,,,"R$ 67,90","R$ 9,66","R$ 9,76",
AMINOFILINA 100MG C/20 COMP TEU,2.04,TEUTO,,,,,,,,,,,,,,,,,2.04,,,,,,,,
AMINOFILINA 200MG C/20 COMP VITAPAN,2.82,TEUTO,,,,,,,,,,,,,,,,,2.82,,,,,,,,
"AMOXICILINA + CLAV. 250+62,5MG 75ML SUSP EMS",17.44,SANDOZ,,,,,31.54,,17.44,,,,,,,19.49,,,,,,,,,,,
AMOXICILINA + CLAV. 400+57MG 70ML SUSP TEU,9.48,SANDOZ,,,,,19.09,,9.48,,,20.57,,18.06,,19.49,,16.45,,,17.91,,,,,,
AMOXICILINA + CLAV. 500+125MG C/12 COMP SDZ,22.44,SANDOZ,23.73,,,,31.53,,22.44,,,,,,,,,,,,,,,,,,
AMOXICILINA + CLAV. 500+125MG C/14COMP SDZ,27.94,SANDOZ,32.57,,,,,,27.94,,,54.71,,,,,,,,,,,,,,,
AMOXICILINA + CLAV. 500+125MG C/18 COMP EMS,31.8,SANDOZ,40.98,,,,47.16,,31.8,,,,,,,,,,,,,,,,,,
AMOXICILINA + CLAV. 500+125MG C/21 COMP SDZ,46.94,SANDOZ,51.32,,,,,,46.94,,,,,,,,,,,,,,,,,,
AMOXICILINA + CLAV. 500+125MG C/30 COMP SDZ,65.89,SANDOZ,,,,,,,65.89,,,,,,,,,,,,,,,,,,
AMOXICILINA + CLAV. 875/125MG C/20 CAPS DELTA,46.26,ACHE,60.74,,,,65.61,,,,,69.57,,46.26,,,,,,,65.8,,,,,,
AMOXICILINA + CLAV. 875+125MG C/12 COMP LEG,27.26,E M S,,,,,27.26,,,,,,,,,,,,,,,,,,,,
AMOXICILINA + CLAV. 875+125MG C/14 COMP EMS,46.33,RANBAXY,46.33,,,,52.43,,,,,,,,,,,,47.24,,50.19,,,,"R$ 54,99",,
AMOXICILINA 250MG 150ML SUSP TEU,7.99,CIMED,,,,,10.93,,,11.75,7.99,9.9,,15.19,,18.59,,12.09,9.78,,10.97,,,,,,
AMOXICILINA 400MG 100ML SUSP MED,16.79,ACHE,,,,,18.79,,,,,18.13,,16.79,,,,,,,17.78,,,,,,
AMOXICILINA 500MG 150ML SUSP MED,32.15,E M S,,,,,32.15,,,,,,,,,,,,,,,,,,,,
AMOXICILINA 500MG 21CPS BIO,7.64,TEUTO,,,,,10.01,,,8.52,8.19,11.25,,15.88,9.39,9.35,,8.89,7.64,,14.17,,,,,,
AMOXICILINA 500MG C/15 CAPS TEU,8.94,E M S,,,,,8.94,,,,,8.98,,12.26,,,,,,,,,,,,"R$ 15,55",
AMOXICILINA 500MG C/30 CAPS TEU,16.33,E M S,,,,,16.33,,,,,,,19.11,,,,,,,,,,,,,
AMOXICILINA 875MG C/14 COMP EMS,18.91,NOVA QUIM,,,,,27.64,,,,,26.96,,21.98,18.91,,,,,,24.3,,,,,,
AMOXICILINA 875MG C/20 COMP EURO,0.0,,,,,,,,,,,,,,,,,,,,,,,,,,
AMPICILINA 250MG 150ML SUSP NEO,18.26,PRATI,,,,,,,,,,,,,,,,18.26,,,,,,,,,
AMPICILINA 250MG 60ML SUSP EMS,0.0,,,,,,,,,,,,,,,,,,,,,,,,,,
AMPICILINA 500MG C/12 COMP SDZ,8.46,PRATI,,,,,11.7,,,,,,,,,,,8.46,,,,,,,,,
AMPICILINA 500MG C/21 CAPS PRATI,14.38,PRATI,,,,,,,,,,,,,,,,14.38,,,,,,,,,
AMPICILINA 500MG C/24 COMP SDZ,0.0,,,,,,,,,,,,,,,,,,,,,,,,,,
ANASTROZOL 1MG C/30 COMP SDZ,43.0,SANDOZ,,,,,,,43.0,,,,,,,,,,,,156.38,,,,,,
"APIXABANA 2,5MG C/ 20COMP NEO",19.8,E M S,,,,,19.8,,23.85,33.41,,,,,,,,,,29.9,,,,"R$ 200,27","R$ 63,90","R$ 28,79",
"APIXABANA 2,5MG C/ 60COMP NEO",53.92,GERMED,,,,,55.15,,65.26,81.51,,53.92,,,,,,,,89.7,,,,"R$ 200,27","R$ 63,90","R$ 86,38",
APIXABANA 5MG C/ 20COMP NEO,19.71,E M S,,,,,19.71,,23.85,33.07,,,,,,,,,,32.68,,,,"R$ 66,74","R$ 71,90","R$ 31,48",
APIXABANA 5MG C/ 60COMP NEO,53.92,GERMED,,,,,55.27,,65.26,84.98,,53.92,,,,,,,,99.94,,,,"R$ 200,27","R$ 71,90","R$ 72,00",
ARIPIPRAZOL 10MG C/30 COMP,42.68,PRATI,,,,,89.43,,65.08,108.65,,,,55.38,69.23,,,42.68,,,,,,,,,
ARIPIPRAZOL 15MG C/30 COMP,88.19,ACHE,,,,,96.07,,97.07,134.71,,,,88.19,,,,97.54,,,,,,,,,
"ATENOLOL + CLORT.  50+12,5MG C/30 COMP BIO",3.3,SANDOZ,,,,,15.94,8.23,3.3,,,6.35,,,,,,,,,6.1,,,,,,
ATENOLOL + CLORT. 100+25MG C/30 COMP GMD,9.22, EUROFARMA,,,,,9.32,10.27,,,,9.94,,,,,,,,,9.22,,,,,,
ATENOLOL 100MG C/30 MULTI,6.49,PRATI,,,,,,,,,,,,,,,10.38,6.49,,14.93,,,,,,,
ATENOLOL 25MG C/30 COMP PRATI,0.99,SANDOZ,,,,,2.1,1.37,0.99,1.68,,2.45,,1.37,,,3.28,1.61,,1.13,,,,,,,
ATENOLOL 50MG C/30 COMP VITA,1.54,BIOLAB,,,,,3.85,2.46,2.32,2.96,,4.32,,,,,1.54,3.86,2.93,6.37,,,,,,,
ATORVASTATINA 10MG C/30 COMP TEU,4.51,TEUTO,,,,,12.54,,17.97,,6.49,10.94,,,,,,,4.51,18.75,8.86,,"R$ 6,49","R$ 66,97","R$ 12,35","R$ 17,84",
ATORVASTATINA 20MG C/30 COMP CIMED,4.44,TEUTO,,,,,9.07,,15.08,,6.99,7.98,10.59,,,,,,4.44,16.48,11.4,,"R$ 6,99","R$ 66,97","R$ 9,49","R$ 15,69",
ATORVASTATINA 40MG C/30 COMP CIMED,13.09,CIMED,,,,,23.87,,35.18,,13.09,25.83,21.79,,,,,,,23.2,19.0,,"R$ 10,99","R$ 15,24","R$ 24,79","R$ 22,08",
ATORVASTATINA 80MG C/30 COMP NEO,190.77,GERMED,,,,,191.85,,,,,190.77,,,,,,,,,,,"R$ 10,99","R$ 228,00","R$ 205,03","R$ 15,69",
AXETILCEFUROXIMA 250MG 50ML SUSP RAN,76.9,RANBAXY,76.9,,,,,,,,,,,,,,,,,,,,,,,,
AXETILCEFUROXIMA 250MG 70ML SUSP RAN,107.67,RANBAXY,107.67,,,,,,,,,,,,,,,,,,,,,,,,
AXETILCEFUROXIMA 250MG C/10 COMP RAN,25.1, EUROFARMA,41.83,,,,,,,,,,,,,,,,,,25.1,,,,,,
AXETILCEFUROXIMA 250MG C/14 COMP RAN,58.56,RANBAXY,58.56,,,,,,,,,,,,,,,,,,,,,,,,
AXETILCEFUROXIMA 500MG C/10 COMP RAN,32.55,TEUTO,34.24,,,,,,,,,,,,,,,,32.55,,34.24,,,,,,
AXETILCEFUROXIMA 500MG C/14 COMP RAN,45.3,TEUTO,47.94,,,,,,,54.99,,,,,,,,,45.3,,47.94,,,,,,
"AZITROMICINA 1500MG 37,5ML SUSP EMS",22.74,PHAR LAB,,,,22.74,32.61,,,,,,,,,,,,,,30.78,,,,,,
AZITROMICINA 1G C/1 COMP PRATI,9.62,PRATI,,,,,,,,,,16.73,,,,,,9.62,,,,,,,"R$ 15,97",,
AZITROMICINA 500MG C/3 COMP TEU,3.16,TEUTO,,,,3.5,4.76,,3.96,,4.99,,4.39,7.09,5.18,,,6.2,3.16,6.6,5.65,,"R$ 4,99","R$ 24,29",,"R$ 6,28",
AZITROMICINA 500MG C/5 COMP CIM,4.74,TEUTO,,,,5.98,7.24,,6.11,,5.99,,6.89,9.03,,,,8.71,4.74,14.59,8.39,,"R$ 5,99","R$ 47,59","R$ 15,97","R$ 13,89","R$ 3,99"
AZITROMICINA 600MG 15ML SUSP PRATI,10.92,PHAR LAB,,,,10.92,13.65,,,,,,,,,,,14.28,,,15.06,,,,,,
"AZITROMICINA 900MG 22,5ML SUSP EMS",12.9,PHAR LAB,,,,12.9,17.64,,,,,,,,,,,16.9,,,19.05,,,,,,
BACLOFENO 10MG C/20 TEU,3.35,TEUTO,,,,,,,,,,,,,,4.06,,,3.35,,,,,,,,
BENFOTIAMINA 150MG 30 COMP,37.27,BIOLAB,,,,,,,,,,,,,,,37.27,,,,,,,,,,
BENZOILMETRONIDAZOL 120ML SUSP EMS,10.06,BELFAR,,10.06,,,11.23,,,,,,,,,,,,,,,,,,,,
BES. ANLODIPINO 10MG C/30 COMP TEU,1.99,CIMED,,,,,8.05,2.15,3.99,4.26,1.99,,3.69,,6.75,,,3.26,3.98,26.85,,,"R$ 1,99","R$ 26,06",,"R$ 25,86",
BES. ANLODIPINO 5MG C/30 COMP,1.29,NEO QUIM,,,,,5.7,1.49,1.99,1.29,1.59,,1.59,3.07,4.66,,,2.4,1.49,3.67,,,,,,,
"BES. LEVANLODIPINO 2,5MG C/30 COMP",19.95,NEO QUIM,,,,,,,,19.95,,,,,,,26.09,,,,,,,,,,
BES. LEVANLODIPINO 5MG C/30 COMP,39.38,NEO QUIM,,,,,,,,39.38,,,,,,,50.69,,,,,,,,,,
BETAMETASONA ELIXIR 120 ML EMS,5.66,E M S,,,,,5.66,,,,,,,,,,,,,,,,,,,,
BEZAFIBRATO 200MG C/20 COMP EMS,30.33,GERMED,,,,,30.42,,,,,30.33,,,,,,,,,,,,"R$ 32,47","R$ 29,02",,
BICALUTAMIDA 50MG  30 COMP,666.44, EUROFARMA,,,,,,,,,,,,,,,,,,,666.44,,,,,,
BILASTINA 20MG C/15 COMP NEO,17.77,NEO QUIM,,,,,27.62,,,17.77,,,,,,,,,,,23.28,,,"R$ 19,63","R$ 28,61",,
BILASTINA 20MG C/30 COMP,25.08,NEO QUIM,,,,,49.83,,,25.08,,44.5,,,,,,,,,40.69,,,,,,
"BIMATOPROSTA 0,15MG 5ML COL NOVA",0.0,,,,,,,,,,,,,,,,,,,,,,,,,,
"BIMATOPROSTA 0,3MG 5ML COL NOVA",23.29,GEOLAB,,,,,30.6,,,,,30.59,23.29,,,,,,,33.74,,,,,,,
BIS. CLOPIDOGREL 75MG C/28 COMP SDZ,9.59,TEUTO,13.28,,,,18.95,,9.86,13.78,12.99,17.01,,,11.92,,14.9,,9.59,43.51,19.24,,,,,,
BROM. CITALOPRAM 20MG C/30 COMP RAN,4.89,TEUTO,,,,,9.08,,,8.79,,8.57,,5.24,7.53,,8.18,8.33,4.89,13.15,8.51,,,"R$ 49,31","R$ 9,35","R$ 12,51",
BROM. GALANTAMINA  8MG C/30 COMP BLAB,66.79,PRATI,,,,,,,,,,,,,,,89.76,66.79,,,,,,,,,
BROM. GALANTAMINA 16MG C/30 COMP BIO,100.42,BIOLAB,,,,,,,,,,,,,,,100.42,102.45,,,,,,,,,
BROM. GALANTAMINA 24MG C/30 COMP BIO,110.31,BIOLAB,,,,,110.8,,,,,,,,,,110.31,142.3,,,,,,,,,
BROM. IPRATROPIO 20ML GTS EMS,1.83,TEUTO,,,,,,,,4.89,,3.59,,3.26,,3.11,,2.9,1.83,,,,,,,,
BROM. PINAVERIO 100MG C/30 COMP MULTI,0.0,,,,,,,,,,,,,,,,,,,,,,,,,,
BROMAZEPAM 3MG C/30 COMP TEU,2.76,TEUTO,,,,,5.35,,,3.79,,5.45,,3.57,,4.15,,,2.76,5.37,,,,"R$ 19,94","R$ 5,37","R$ 5,24",
BROMAZEPAM 6MG C/30 COMP UQ,3.5,TEUTO,,,,,7.47,,,6.49,,8.17,,5.18,,6.23,,,3.5,10.47,,,,"R$ 31,32","R$ 7,82","R$ 10,21",
BROMOPRIDA 10MG C/20 CAPS EMS,4.73,TEUTO,,,,,9.53,,,,,8.74,,,,,,7.09,4.73,8.21,,,,"R$ 25,09","R$ 8,64","R$ 8,09",
BROMOPRIDA 20ML GTS TEU,2.09,CIMED,,,,,5.72,,,,2.09,5.51,,6.89,,,,5.26,2.4,,,,,,,,
BUDESONIDA 32MCG 120 DOSES EMS,20.5,E M S,,,,,20.5,,,,,,,,,,,,,,,,,"R$ 23,17",,,
BUDESONIDA 64MCG 120 DOSES,28.0,E M S,,,,,28.0,,,,,,,,,,,,,,,,,"R$ 41,08",,,
"CABERGOLINA 0,5MG C/2 COMP EURO",14.42,GERMED,26.14,,,,,,,,,14.42,,,,,,22.32,,,28.44,,,,"R$ 15,33",,
"CABERGOLINA 0,5MG C/8 COMP PRATI",76.77,PRATI,90.44,,,,,,,,,,,,,,,76.77,,,93.01,,,,,,
CANABIDIOL 200MG 30ML,2304.07,PRATI,,,,,,,,,,,,,,,,2304.07,,,,,,,,,
CANABIDIOL 20MG 10ML,90.05,PRATI,,,,,,,,,,,,,,,,90.05,,,,,,,,,
CANABIDIOL 20MG 30ML,272.5,PRATI,,,,,,,,,,,,,,,,272.5,,,,,,,,,
CANABIDIOL 50MG 30ML,633.59,PRATI,,,,,,,,,,,,,,,,633.59,,,,,,,,,
"CANDESARTANA + HCT 16+12,5MG C/30 COMP GMD",36.63,SANDOZ,,,,,,,36.63,,,,,,,,,,,,,,,,,,
"CANDESARTANA + HCT 8+12,5MG C/30 COMP GMD",0.0,,,,,,,,,,,,,,,,,,,,,,,,,,
CANDESARTANA 16MG C/30 COMP SDZ,24.52,SANDOZ,,,,,,,24.52,,,,,,,,,41.61,,,,,,,,,
CANDESARTANA 8MG C/30 COMP EMS,23.01,SANDOZ,,,,,,,23.01,,,,,,,,,,,,,,,,,,
CAPTOPRIL 25MG C/30 COMP UQ,1.31,TEUTO,,,,,2.03,,,1.79,1.99,,2.53,,,,,2.27,1.31,3.23,,,"R$ 1,99","R$ 12,29",,"R$ 3,07","R$ 1,39"
CAPTOPRIL 50MG C/30 COMP EMS,4.07,PRATI,,,,,,,,,,5.32,4.99,,,,,4.07,,,,,"R$ 1,99","R$ 12,29","R$ 6,01","R$ 3,07","R$ 1,39"
CARBAMAZEPINA 200MG C/20 COMP NEO,9.41,E M S,,,,,9.41,,,,,9.82,,,,,,,,,,,,"R$ 11,37","R$ 9,79",,
CARBAMAZEPINA 200MG C/30 COMP BIO,4.76,TEUTO,,,,,,,,,,,,,,8.31,,,4.76,,,,,,,,
CARBAMAZEPINA 20MG 100ML SUSP NOVA,16.03,UNIAO QUIM,,,,,,,,,,,,,,16.03,,,,,,,,,,,
CARBAMAZEPINA 400 MG 20 CPRS EMS,23.7,GERMED,,,,,24.23,,,,,23.7,,,,,,,,,,,,"R$ 28,73","R$ 24,10",,
CARBAMAZEPINA 400MG C/30 COMP TEU,11.94,TEUTO,,,,,,,,,,,,,,,,,11.94,,,,,,,,
CARBOCISTEINA 20ML GTS EMS,0.0,,,,,,,,,,,,,,,,,,,,,,,,,,
CARBOCISTEINA AD 100ML XRP TEU,9.47,PRATI,,,,,14.73,,,,,,11.88,,,,,9.47,,,,,,,,,
CARBOCISTEINA INF 100ML XRP BIO,8.19,GEOLAB,,,,,8.74,,,,,,8.19,,,,,8.51,,,,,,,,,
CARBONATO DE LITIO 300 MG 60 COMP ,21.38,BIOLAB,,,,,,,,,,,,,,,21.38,,,,22.91,,,,,,
CARBONATO DE LITIO 300 MG 90 COMP ,32.07,BIOLAB,,,,,,,,,,,,,,,32.07,,,,34.37,,,,,,
CARISOPRODOL+DICLOF+PARAC+CAFEINA 15 COMP,5.43, EUROFARMA,,,,,,,,,,,,,,,,,,,5.43,,,,,,
CARISOPRODOL+DICLOF+PARAC+CAFEINA 30 COMP,9.9, EUROFARMA,,,,,,,,,,,,,,,,,,,9.9,,,,,,
"CARVEDILOL 12,5MG C/30 COMP BIO",2.72,ACHE,,,,,6.46,,,,4.79,7.5,,2.72,,,4.22,9.9,,8.8,,,"R$ 4,79","R$ 53,94","R$ 7,22","R$ 9,14",
CARVEDILOL 25MG C/30 COMP ZYD,4.57,ACHE,,,,,8.74,,,,6.49,8.51,,4.57,,,7.15,13.06,,16.54,,,"R$ 6,49","R$ 89,82","R$ 10,29","R$ 15,74",
"CARVEDILOL 3,125MG C/30 COMP PRATI",2.01,ACHE,,,,,4.77,,,,,5.53,,2.01,3.89,,3.18,5.93,,,,,"R$ 3,99","R$ 40,06","R$ 5,33","R$ 8,37",
"CARVEDILOL 6,25MG C/30 COMP TOR",2.34,ACHE,,,,,5.55,,,,3.99,5.0,,2.34,4.51,,3.65,8.56,,9.61,,,"R$ 3,99","R$ 46,58","R$ 6,21","R$ 8,37",
CEFADROXILA 250MG 100ML SUSP MED,47.26, EUROFARMA,,,,,,,,,,,,,,,,,,,47.26,,,,,,
CEFADROXILA 500MG C/8 CAPS TEU,8.65,TEUTO,,,,,14.96,,10.68,,,,,,,,,,8.65,,13.77,,,"R$ 53,74",,,
CEFALEXINA 1G C/ 8 COMP GMD,56.36,GERMED,,,,,57.14,,,,,56.36,,,,,,, ,,,,,"R$ 79,72","R$ 64,00",,
CEFALEXINA 250MG 100ML SUSP UNIQ,9.99,TEUTO,,,,,23.18,,,14.3,,,,,,14.18,,,9.99,,31.86,,,,,,
CEFALEXINA 500MG C/ 10 COMP GMD,7.54,TEUTO,,,,,14.27,,,,,13.41,,,8.39,8.84,,,7.54,,,,,"R$ 8,85","R$ 12,99",,
CEFALEXINA 500MG C/40 COMP TEU,26.15,TEUTO,,,,,,,,,,,,,,,,,26.15,,,,,,,,
CEFALEXINA 500MG C/8 CAPS CIMED,5.2,TEUTO,,,,,16.48,,,,,,,,,6.42,,,5.2,,,,,"R$ 27,72",,,
"CEFTRIAXONA 1G 3,5ML C/1 AMP INJ EURO",8.78,TEUTO,,,,,,,,,,,,,,,,,8.78,,14.1,,,,,,
"CEFTRIAXONA 1G 3,5ML C/5 AMP INJ EURO",60.11, EUROFARMA,,,,,,,,,,,,,,,,,,,60.11,,,,,,
CEFTRIAXONA 500MG 2ML C/2 AMP INJ EMS,7.45,TEUTO,,,,,,,,,,,,,,,,,7.45,,12.59,,,,,,
CELECOXIBE 200MG C/10 CAPS TEU,5.33,TEUTO,8.09,,,,8.9,,6.99,8.49,,8.65,,,,,,,5.33,,7.3,,,"R$ 40,53","R$ 8,94",,
CELECOXIBE 200MG C/30 CAPS EURO,12.96,TEUTO,,,,,24.82,,25.46,,,26.19,,,,,,,12.96,,21.32,,,"R$ 54,00","R$ 25,04",,
CETOCONAZOL + DIP. BETAM. + NEOM 30G CR DEL,4.19,CIMED,,7.36,,7.1,9.48,,,,4.19,9.17,7.69,,9.0,,,,5.35,10.57,7.15,,,,,,
CETOCONAZOL + DIP. BETAM. + NEOM. 30G POM TEU,5.84,TEUTO,,,,7.1,9.07,,,,,,8.79,,,,,,5.84,11.36,9.02,,,,,,
CETOCONAZOL + DIP. BETAM. 30G CR EMS,4.94,TEUTO,,,,,6.9,,,,,,7.89,,6.7,,,,4.94,10.89,7.76,,,,,,
CETOCONAZOL + DIP. BETAM. 30G POM TEU,5.95,TEUTO,,,,,6.55,,,,,,8.49,,,,,,5.95,10.66,9.34,,,,,,
CETOCONAZOL 100ML SH TEU,7.99,CIMED,,,,,23.16,,,,7.99,,,,,,,,11.53,,,,,,,,
CETOCONAZOL 200MG C/10 COMP CIMED,3.79,CIMED,,,,4.78,8.56,,,,3.79,,,,,,,5.22,4.41,,,,"R$ 3,79","R$ 39,35",,,
CETOCONAZOL 200MG C/30 COMP TEU,9.39,CIMED,,,,10.37,27.78,,,,9.39,,,,,,,11.87,10.56,,,,"R$ 3,79","R$ 39,35",,,
CETOCONAZOL 30G CR BIO,4.1,TEUTO,,6.16,,6.13,7.27,,,,4.29,,6.59,,,,,,4.1,11.22,,,,,,,
CETOPROFENO 100MG C/20 COMP MED,21.23,MEDLEY,,,,,,,,,,,,,,,,,,21.23,,,,,,"R$ 20,21",
CETOPROFENO 150MG C/10 COMP,6.75,NEO QUIM,,,,,7.45,,,6.75,,7.77,,,,,,,,6.89,7.16,,,"R$ 42,14","R$ 7,43","R$ 7,83","R$ 4,29"
CETOPROFENO 20ML GTS TEU,2.34,TEUTO,,,,,,,,,,,,,,,,,2.34,3.47,4.59,,,,,,
CETOPROFENO 50MG C/24 CAPS MED,9.52,UNIAO QUIM,,,,,10.5,,,,,,,,,9.52,,,,9.65,,,,"R$ 31,06",,"R$ 9,19",
CETOR. TROMETAMOL 10MG C/10 COMP EMS,7.21,ACHE,,,,,,,,11.7,,7.6,,7.21,,8.31,,,,,9.92,,,,"R$ 7,25",,"R$ 3,99"
CETOR. TROMETAMOL 4MG COL 5ML ,10.79,GEOLAB,,,,,,,,,,,10.79,,,,,,,,,,,,"R$ 7,25",,"R$ 3,99"
CETOR. TROMETAMOL 5MG COL 10ML ,27.9,GEOLAB,,,,,32.83,,,,,,27.9,,,,,,,,,,,,"R$ 7,25",,"R$ 3,99"
CICLOPIROX OLAMINA 15ML SOL PRATI,9.02,MEDLEY,,,,,10.38,,,,,9.26,,,,,,,,9.02,,,,"R$ 28,21","R$ 10,15","R$ 9,19",
CICLOPIROX OLAMINA 20G CR GLB,8.56,PHAR LAB,,,,8.56,,,,,,,,,,,,,,11.28,,,,,,"R$ 11,49",
CILOSTAZOL 100MG C/30 COMP EURO,15.1,ACHE,,,,,22.66,,,,,,,15.1,,,,,,,16.48,,,"R$ 33,35",,,
CILOSTAZOL 100MG C/60 COMP BIOS,25.47,ACHE,,,,,34.06,,,,,,,25.47,,,,,,,28.57,,,"R$ 46,85",,,
CILOSTAZOL 50MG C/30 COMP EURO,9.01, EUROFARMA,,,,,10.56,,,,,,,9.92,,,,,,,9.01,,,,,,
CILOSTAZOL 50MG C/60 COMP BIOS,15.6,ACHE,,,,,16.65,,,,,,,15.6,,,,,,,17.48,,,"R$ 23,32",,,
CIMETIDINA 200MG C/10 COMP TEU,2.96,TEUTO,,,,,,,,,,,,,,,,,2.96,,,,,,,,
CIMETIDINA 200MG C/20 COMP PRATI,5.33,PRATI,,,,,,,,,,,,,,,,5.33,5.75,,,,,,,,
CIMETIDINA 400 MG 16 COMP TEU,7.81,TEUTO,,,,,,,,,,,,,,,,,7.81,,,,,,,,
CINARIZINA 25MG C/30 COMP RAN,9.26,RANBAXY,9.26,,,,,,,,,,,,,,,,,,,,,,,,
CINARIZINA 75 MG 30 COMP RAN,13.36,RANBAXY,13.36,,,,,,,,,,,,,,,,,,,,,,,,
CIPROFIBRATO 100MG C/30 COMP VITA,10.09,CIMED,,,,,,,,11.95,10.09,,16.59,22.78,,,10.99,,,14.56,18.6,,"R$ 10,09",,,"R$ 26,33",
CIT. SILDENAFILA 100MG C/4 COMP EURO,9.58,E M S,,,,,9.58,,22.5,16.5,,,,,,,,12.59,,31.69,,,,,,,
CIT. SILDENAFILA 25MG C/4 COMP SDZ,3.47,PRATI,,,,,7.25,,7.29,,,,,,,,,3.47,,,,,,,,,
CIT. SILDENAFILA 50MG C/4 COMP SDZ,1.19,NEO QUIM,,,,,2.7,,3.32,1.19,1.99,2.35,,,,,,1.53,1.24,3.83,2.78,,,,,,
CIT. TAMOXIFENO 10MG C/30 COMP BLAU,67.24,SANDOZ,,,,,,,67.24,,,,,,,,,,,,,,,,,,
CIT. TAMOXIFENO 20MG C/30 COMP BLAU,28.97, EUROFARMA,,,,,,,105.91,,,,,,,,,,,,28.97,,,,,,
"CL. AMBROXOL 7,5MG 50ML GTS PRATI",9.49,PRATI,,,,,,,,,,,,,,,,9.49,,,,,,,,,
CL. AMBROXOL AD 120ML XRP TEU,5.94,PRATI,,,,,9.39,,,,5.99,10.16,,7.22,,,,5.94,,,,,,,,,
CL. AMBROXOL PED 120ML XPE CIMED,3.48,TEUTO,,,,,10.04,,,,5.99,,,,,,,4.75,3.48,,,,,,,,
"CL. AMILORIDA + HCT 2,5+25MG C/30 COMP LEG",8.16,E M S,,,,,8.16,,,,,,,,,,,,,,,,,"R$ 18,36",,,
CL. AMILORIDA + HCT 5+50MG C/30 COMP EMS,13.64,E M S,,,,,13.64,,,,,,,,,,,,,,,,,"R$ 18,36",,,
CL. AMIODARONA 100MG C/30 COMP MED,13.34,RANBAXY,13.34,,,,,,,,,,13.99,,,,,,,13.82,,,,,,"R$ 13,30",
CL. AMIODARONA 200MG C/30 COMP BIO,17.59,MEDLEY,21.98,,,,,,,,,,21.79,,,,,,,17.59,,,,,,"R$ 16,94",
CL. AMITRIPTILINA 25MG C/30 COMP NEO,2.23,TEUTO,,,,,5.54,,,3.19,,5.45,,,,,,,2.23,3.23,,,,"R$ 18,17","R$ 5,34","R$ 3,08",
CL. AMITRIPTILINA 75MG C/30 COMP MED,15.32,MEDLEY,,,,,19.15,,,,,,,,,,,,,15.32,,,,"R$ 18,17","R$ 5,34","R$ 14,58",
CL. BROMEXINA AD 120ML XRP GLB,9.61,MEDLEY,,,,9.85,,,,,,10.49,,,,,,,,9.61,,,,,,,
CL. BROMEXINA PED 120ML XRP NOVA,7.83,MEDLEY,,,,9.85,8.51,,,,,,,,,,,,,7.83,,,,,,,
CL. BUPROPIONA 150MG C/30 COMP EMS,19.3,NOVA QUIM,25.13,,,,23.26,,,,,24.6,21.59,,19.3,21.05,,23.14,,,20.0,,,,,,
CL. BUPROPIONA 150MG C/60 COMP NVQ,34.5, EUROFARMA,,,,,45.87,,,,,45.96,38.59,,,35.07,,43.93,,,34.5,,,,,,
CL. BUPROPIONA 300MG C/30 COMP ,59.64,RANBAXY,59.64,,,,,,,,,,,,,,,,,,,,,,,,
CL. BUPROPIONA 150MG LIB PROL C/30 COMP EMS,43.49,GERMED,,,,,,,,,,43.49,,,,,,,,,66.86,,,,,,
CL. BUPROPIONA 150MG LIB PROL C/60 COMP EMS,127.02, EUROFARMA,,,,,,,,,,,,,,,,,,,127.02,,,,,,
CL. BUPROPIONA 300MG LIB PROL C/30 COMP EMS,82.19,GERMED,,,,,,,,,,82.19,,,,,,,,,91.56,,,,,,
CL. BUPROPIONA 300MG LIB PROL C/60 COMP EMS,173.94, EUROFARMA,,,,,,,,,,,,,,,,,,,173.94,,,,,,
CL. CICLOBENZAPRINA   5MG C/15 COMP BIO,2.66,PRATI,,,,,,2.74,,,,4.56,3.57,3.2,4.1,,,2.66,,,5.65,,,,"R$ 4,52",,
CL. CICLOBENZAPRINA   5MG C/30 COMP GLB,2.99,CIMED,,,,,9.0,4.2,,8.99,2.99,,5.84,5.8,7.94,,,5.02,,,8.08,,"R$ 2,99","R$ 1,00",,,
CL. CICLOBENZAPRINA  10MG C/15 COMP PRATI,2.99,CIMED,,,,,5.85,4.03,,,2.99,6.09,4.24,3.62,4.92,,,3.36,,,5.94,,"R$ 2,99","R$ 17,97","R$ 5,87",,
CL. CICLOBENZAPRINA  10MG C/30 COMP GLB,3.09,CIMED,,,,,10.25,6.02,,5.91,3.09,,7.95,5.59,5.29,,,5.9,,,9.72,,"R$ 3,09","R$ 35,94",,,
CL. CIPROFLOXACINO + DEXAM. 5ML COL LEG,11.29,GEOLAB,,,,,16.33,,,,,,11.29,,,,,,,,,,,,,,
"CL. CIPROFLOXACINO 3,5MG 5ML COL GMD",0.0,,,,,,,,,,,,,,,,,,,,,,,,,,
CL. CIPROFLOXACINO 500MG C/14 COMP ZYD,4.99,CIMED,,,,5.28,10.93,,5.91,,4.99,12.35,9.55,,,,8.34,7.82,,12.33,11.04,,,,"R$ 11,83","R$ 11,74",
CL. CLINDAMICINA 300MG C/16 COMP TEU,12.87,TEUTO,,,,,,,,,,,,,,17.54,,,12.87,,,,,,,,
CL. CLOMIPRAMINA 25MG C/20 COMP EMS,19.09,SANDOZ,,,,,26.48,,19.09,,,26.46,,,,,,,,,,,,"R$ 31,04","R$ 28,00",,
CL. CLOMIPRAMINA 75MG C/20 COMP SDZ,31.97,SANDOZ,,,,,,,31.97,,,,,,,,,,,,,,,"R$ 31,04","R$ 28,00",,
CL. DILTIAZEM  30MG C/50 COMP EMS,17.17,E M S,,,,,17.17,,,,,,,,,,,,,,,,,"R$ 20,77",,,
CL. DILTIAZEM 60MG C/25 COMP EMS,14.99,E M S,,,,,14.99,,,,,,,,,,,,,,,,,"R$ 19,44",,,
CL. DILTIAZEM 60MG C/50 COMP EMS,9.78,TEUTO,,,,,29.23,,,,,,,,23.47,,,,9.78,,,,,"R$ 38,09",,,
CL. DONEPEZILA 10MG C/30 COMP MED,17.48,ACHE,22.34,,,21.74,30.18,,43.45,32.99,,,18.99,17.48,29.85,27.03,33.03,,,39.58,,,,,,"R$ 38,13",
CL. DONEPEZILA 5MG C/30 COMP MED,18.14,ACHE,25.93,,,19.15,21.32,,34.51,29.99,,,18.69,18.14,,22.87,29.36,,,36.98,,,,,,"R$ 35,62",
CL. DONEPEZILA+ MEMANTINA 10+10 MG C/30 COMP ,0.0,,,,,,,,,,,,,,,,,,,,,,,,,,
CL. DONEPEZILA+ MEMANTINA 10+20 MG C/30 COMP ,0.0,,,,,,,,,,,,,,,,,,,,,,,,,,
CL. DORZOLAMIDA + MAL. TIMOLOL 5ML COL TEU,17.32,TEUTO,61.71,,,,,,,,,41.16,,,,,,,17.32,,,,,,,,
CL. DORZOLAMIDA 2% 5ML COL BIO,50.44,GERMED,,,,,50.74,,,,,50.44,,,,,,,,,,,,,,,
CL. DORZOLAMIDA+MAL.TIMOLOL 5ML EMS,41.43,E M S,,,,,41.43,,,,,,,,,,,,,,,,,,"R$ 39,40",,
CL. DOXICICLINA 100MG C/15 COMP SDZ,6.95,PHAR LAB,,,,6.95,,,15.5,,,,,,,,,,,,,,,,,,
CL. DOXICICLINA 100MG C/20 COMP SDZ,9.92,PHAR LAB,,,,9.92,,,19.51,,,,,,,,,,,,,,,,,,
CL. DULOXETINA 30MG C/30 CAPS EURO,30.08,UNIAO QUIM,,,,,37.18,,,,,38.26,,30.86,,30.08,,,,,37.44,,,"R$ 121,37","R$ 36,48",,
CL. DULOXETINA 60MG C/30 COMP LEG,56.24,UNIAO QUIM,,,,,66.35,,,,,62.1,65.9,57.75,,56.24,,,,,77.74,,,,,,
CL. FENOXAZOLINA INF 10ML SOL EMS,0.0,,,,,,,,,,,,,,,,,,,,,,,,,,
CL. FEXOFENADINA  60MG C/10 COMP CIMED,10.19,CIMED,,,,,,,,,10.19,,,,,,,,,,,,"R$ 10,19","R$ 45,36","R$ 7,84","R$ 9,87","R$ 5,99"
CL. FEXOFENADINA 120MG C/10 COMP CIMED,5.19,NOVA QUIM,8.24,,,,7.71,,,6.79,6.99,8.12,,,5.19,,,,8.53,10.27,12.57,,"R$ 6,99","R$ 45,36","R$ 7,84","R$ 9,87","R$ 5,99"
CL. FEXOFENADINA 180MG C/10 COMP RAN,7.14,TEUTO,12.58,,,,10.88,,,,7.99,11.36,,,,,,,7.14,15.18,14.3,,"R$ 7,99","R$ 65,12","R$ 10,92","R$ 14,58",
CL. FEXOFENADINA SOL  60ML,13.65,VITA MEDIC,,,,,,13.65,,,,,,,,,,,,,,,,,,,
CL. FEXOFENADINA SOL 150ML,29.61,NOVA QUIM,,,,,,33.35,,,,,,,29.61,,,,,,,,,,,,
CL. FLUOXETINA 10MG C/28 CAPS GMD,0.0,,,,,,,,,,,,,,,,,,,,,,"R$ 4,99",,"R$ 5,97",,
CL. FLUOXETINA 20MG C/30 CAPS PHAR,2.45,TEUTO,,,,3.8,5.37,5.04,9.81,,5.7,5.33,,,,4.15,,4.28,2.45,,5.9,,"R$ 4,99","R$ 53,54","R$ 5,97",,
CL. FLUOXETINA 20MG C/30 COMP PHAR,4.68,GERMED,,,,,,,,,,4.68,,,,,,,,,,,"R$ 4,99","R$ 53,54","R$ 5,97",,
CL. FLUOXETINA 20MG C/60 CAPS EURO,8.11,PRATI,,,,,,,,,,,,,,,,8.11,,,12.64,,"R$ 4,99","R$ 53,54","R$ 5,97",,
CL. FLUOXETINA 20ML GTS MED,17.84,MEDLEY,,,,,,,,,,,,,,,,,,17.84,,,,,,,
CL. HIDROXIZINA 120ML SOL NEO,6.97,PHAR LAB,,,,6.97,,,,,,11.64,7.89,,,,,,,,9.0,,,,,,
CL. HIDROXIZINA 25MG C/30 COMP EMS,31.22,GERMED,,,,,32.49,,,,,31.22,,,,,,,,,,,,"R$ 33,23","R$ 29,80",,
CL. LECARDINIPINO 10MG 30COMP,58.57,NOVA QUIM,,,,,78.11,,,,,,,,58.57,,,,,,,,,,,,
CL. LIDOCAINA 50MG 25G POM LARANJA,8.63,E M S,,,,,8.63,,,,,,,,,,,,,,,,,,,,
CL. LIDOCAINA 50MG 25G POM GMD,6.26,PHAR LAB,,,,6.26,9.48,,,,,,,,,,,,,,,,,"R$ 15,00",,,
CL. LIDOCAINA GELEIA 30 G + APLICADOR CRIS.,6.56,PHAR LAB,,,,6.56,,,,,,,,,,,,,,,,,,,,,
CL. LOPERAMIDA 2 MG 12 COMP SANDOZ,0.0,,,,,,,,,,,,,,,,,,,,,,,,,,
CL. LOPERAMIDA 2MG C/4 COMP GLB,0.0,,,,,,,,,,,,,,,,,,,,,,,,,,
CL. MEMANTINA 10MG C/30 COMP BLAB,7.01,TEUTO,,,,,,,13.2,,,,10.49,12.98,,,13.12,12.4,7.01,17.96,13.33,,,,,,
CL. MEMANTINA 10MG C/60 COMP TEU,10.79,TEUTO,,,,,,,26.13,,,,18.55,21.69,,,14.2,21.07,10.79,37.0,15.42,,,,,,
CL. MEMANTINA+DONEPEZILA 10/10 MG  7 COMP,0.0,,,,,,,,,,,,,,,,,,,,,,,,,,
CL. MEMANTINA+DONEPEZILA 10/20 MG 30 COMP,77.45,E M S,,,,,77.45,,,,,,,,,,,,,,,,,,,,
CL. METFORMINA 1G C/30 COMP BIO,0.0,,,,,,,,,,,,,,,,,,,,,,,,,,
CL. METFORMINA 500MG C/30 COMP PRATI,2.76,TEUTO,,,,,,4.78,,,,,,,,,,3.19,2.76,,,,,,,,
CL. METFORMINA 500MG C/60 COMP BIO,8.28,PRATI,,,,,,,,,,,,,,,,8.28,,,,,,,,,
CL. METFORMINA 750MG C/30 COMP PRATI,12.28,PRATI,,,,,,,,,,,,,,,,12.28,,,,,,,,,
CL. METFORMINA 850MG C/30 COMP BIO,3.99,PRATI,,,,,,6.72,,,,,7.79,,,,,3.99,4.04,,,,,,,,
CL. METFORMINA 850MG C/60 COMP TEU,10.1,PRATI,,,,,,,,,,,,,,,,10.1,,,,,,,,,
CL. METFORMINA XR 500MG C/30 COMP PRATI,6.23,PRATI,,,,,,,,,,,,,,,,6.23,,,,,,,,,
CL. METILFENIDATO 10MG 30 COMP EMS,17.33, EUROFARMA,,,,,21.01,,,,,,,,,,,,,,17.33,,,"R$ 27,51",,,
CL. METILFENIDATO 10MG 60 COMP EMS,33.82, EUROFARMA,,,,,41.83,,,,,,,,,,,,,,33.82,,,"R$ 27,51",,,
CL. METOCLOPRAMIDA 10ML GTS TEU,1.94,TEUTO,,2.9,,,,,,,,,,,,,,,1.94,,,,,,,,
CL. METOCLOPRAMIDA 10MG 20 COMP,3.33,BELFAR,,3.33,,,,,,,,,,,,,,,,,,,,,,,
CL. MINOCICLINA 100MG C/30 COMP RAN,87.97,RANBAXY,87.97,,,,,,,,,,,,,,,,,,,,,,,,
CL. MOXIFLOXACINO 400MG C/ 7 COMP GER,43.23,PRATI,,,,,53.81,,,,,,,,,,,43.23,,,49.1,,,,,,
CL. MOXIFLOXACINO 400MG C/5 COMP EMS,34.4,PRATI,,,,,44.2,,,,,,,,,,,34.4,,,38.82,,,,,,
CL. NAFAZOLINA 30ML GTS EMS,0.0,,,,,,,,,,,,,,,,,,,,,,,,,,
"CL. NARATRIPTANA 2,5MG C/10 COMP NOVA",22.96,MEDLEY,,,,,25.14,,,,,,,,,,,,,22.96,,,,,,,
"CL. NARATRIPTANA 2,5MG C/4 COMP EMS",8.37,MEDLEY,,,,,13.13,,,,,,,,9.99,,,,,8.37,,,,,,,
CL. NEBIVOLOL 5MG C/30 COMP BLAB,12.52,TEUTO,,,,16.73,18.15,,,,,17.28,,24.0,,,16.67,,12.52,,,,,"R$ 48,73","R$ 16,50",,"R$ 12,00"
CL. NEBIVOLOL 5MG C/60 COMP PHARLAB,21.47,TEUTO,,,,32.44,33.12,,,,,,,36.95,,,28.53,,21.47,,,,,"R$ 96,26","R$ 16,50",,"R$ 12,00"
CL. NORTRIPTILINA 25MG C/30 CAPS EUR,22.06,RANBAXY,22.06,,,,,,,,,,,,,,,,,,,,,,,,
CL. NORTRIPTILINA 50MG C/30 COMP MED,32.21,RANBAXY,32.21,,,,,,,,,,,,,,,,,,,,,,,,
CL. NORTRIPTILINA 75MG C/30 COMP ,43.58,RANBAXY,43.58,,,,,,,,,,,,,,,,,,,,,,,,
CL. OLAPADINA 1MG 5 ML,26.0,RANBAXY,26.0,,,,,,,,,,,,,,,,,,,,,,,,
CL. ONDANSETRONA 4MG C/10 COMP NEO,4.05,PHAR LAB,4.69,,,4.05,7.67,,,8.99,,7.14,5.99,,5.53,5.19,6.62,6.54,,9.16,,11.99,,"R$ 23,65","R$ 7,02","R$ 11,01",
CL. ONDANSETRONA 4MG C/30 COMP NEO,12.48,PHAR LAB,14.05,,,12.48,,,,24.99,,,,,,14.53,16.68,18.64,,,,26.99,,,,,
CL. ONDANSETRONA 8MG C/10 COMP NEO,8.41,NEO QUIM,9.41,,,8.55,13.32,,,8.41,,12.83,10.69,,,10.39,13.09,11.97,,19.28,,17.97,,"R$ 42,92","R$ 12,25","R$ 21,71",
CL. ONDANSETRONA 8MG C/30 COMP NEO,26.24,PHAR LAB,28.25,,,26.24,,,,39.99,,,,,,27.29,32.85,34.11,,,,49.99,,"R$ 42,92","R$ 12,25","R$ 21,71",
CL. OXIMETAZOLINA AD 30ML SOL NAS EMS,9.54,E M S,,,,,9.54,,,,,,,,,,,,,,,,,,,,
CL. PAROXETINA 10MG C/30 COMP ZYD,13.99,GEOLAB,,,,,,,,,,,13.99,,,,,,,,,,"R$ 9,99","R$ 46,59","R$ 11,63",,
CL. PAROXETINA 20MG C/30 COMP ZYD,5.28,TEUTO,12.13,,,8.94,11.2,,,8.99,9.99,12.19,9.29,,,8.31,,8.15,5.28,15.97,11.27,,"R$ 9,99","R$ 46,59","R$ 11,63",,
CL. PIOGLITAZONA 15MG C/15 COMP NOVA,22.3,TEUTO,,,,,,,,,,43.32,,,,,,,22.3,,,,,,"R$ 116,99",,
CL. PIOGLITAZONA 30MG C/15 COMP GMD,22.54,TEUTO,,,,,32.48,,,,,,,,,,,,22.54,,,,,,"R$ 116,99",,
CL. PIOGLITAZONA 30MG C/30 COMP TOR,36.63,TEUTO,,,,,,,,,,66.38,,,,,,,36.63,,,,,,"R$ 63,27",,
CL. PIOGLITAZONA 45MG C/15 COMP EMS,116.84,GERMED,,,,,,,,,,116.84,,,,,,,,,,,,,"R$ 116,99",,
CL. PROMETAZINA 25MG C/20 COMP PRATI,0.0,,,,,,,,,,,,,,,,,,,,,,,,,,
CL. PROPAFENONA 300MG C/30 COMP ABB,31.28,ALTHAIA,,,,,,,,,,,,,,,,31.9,,,33.93,31.28,,,,,
CL. PROPAFENONA 300MG C/60 COMP EURO,50.29,ALTHAIA,,,,,,,,,,,,,,,,60.51,,,67.85,50.29,,,,,
CL. PROPRANOLOL 10MG C/30 COMP MED,2.81,MEDLEY,,,,,,,,,,,,,,,,,,2.81,,,,,"R$ 11,40",,
CL. PROPRANOLOL 40MG C/30 COMP CIMED,1.66,TEUTO,,,,2.32,,,,2.99,,,,,,3.11,,,1.66,4.66,,,,,"R$ 11,40",,
CL. PROPRANOLOL 40MG C/40 COMP UQ,0.0,,,,,,,,,,,,,,,,,,,,,,,,"R$ 11,40",,
CL. PROPRANOLOL 40MG C/60 COMP GMD,11.08,GERMED,,,,,,,,,,11.08,,,,,,,,,,,,,"R$ 11,40",,
CL. PROPRANOLOL 80MG C/30 COMP MED,0.0,,,,,,,,,,,,,,,,,,,,,,,,"R$ 11,40",,
CL. SELEGILINA 5MG C/30 COMP BIO,0.0,,,,,,,,,,,,,,,,,,,,,,,,,,
CL. SERTRALINA 100MG C/30COMP EURO,10.29,CIMED,,,,,20.89,,,,10.29,23.49,16.59,17.61,,,,10.98,,,20.1,,"R$ 10,29",,"R$ 22,48",,
CL. SERTRALINA 25MG C/30 COMP EURO,27.33, EUROFARMA,,,,,,,,,,,,29.01,,,,,,,27.33,,"R$ 4,99","R$ 68,00","R$ 9,64",,
CL. SERTRALINA 50MG C/30 COMP ZYD,4.82,PRATI,11.51,,,,9.04,,,,4.99,10.05,6.29,,,,,4.82,5.31,10.44,9.8,,"R$ 4,99","R$ 68,00","R$ 9,64",,
CL. SIBUTRAMINA  10 MG 30 COMP EUR,14.63, EUROFARMA,,,,,15.06,,,,,,,,,,,,,,14.63,,,,,,
CL. SIBUTRAMINA 15MG C/30 COMP TEU,14.33,ACHE,,,,,15.47,,,,,15.55,,14.33,,,,,,,16.5,,,,,,
CL. SOTALOL 120MG C/30 COMP BIO,0.0,,,,,,,,,,,,,,,,,,,,,,,,,,
CL. SOTALOL 160MG C/20 COMP SDZ,16.77,SANDOZ,,,,,,,16.77,,,,,,,,,,,,,,,,,,
CL. SOTALOL 160MG C/30 COMP MERCK,24.53,SANDOZ,,,,,,,24.53,,,,,,,,,,,,,,,,,,
"CL. TANSULOSINA 0,4MG C/30 COMP NEO",26.99,NEO QUIM,,,,,34.83,,,26.99,,37.17,35.69,,,,38.75,,,,44.17,,,,,,
"CL. TANSULOSINA 0,4MG C/60 CAPS GEO",60.78,GERMED,,,,,67.13,,,,,60.78,71.99,,,,,,,,,,,,,,
CL. TERBINAFINA 20G CR EMS,18.36,GERMED,,,,,19.54,,,,,18.36,,,,,,,,,,,,,,,
CL. TERBINAFINA 250MG C/14 COMP PRATI,16.8,PRATI,,,,,,,,,,,,,,,,16.8,,39.77,,,,,,,
CL. TERBINAFINA 250MG C/28 COMP EMS,33.19,ACHE,,,,,,,,,,,,33.19,,,,33.19,43.3,76.08,,,,"R$ 120,50",,,
CL. TETRACICLINA + ANFOT B 45G CR VAG PRATI,0.0,,,,,,,,,,,,,,,,,,,,,,,,,,
CL. TETRACICLINA 500MG C/12 CAPS PRATI,6.89,PRATI,,,,,,,,,,,,,,,,6.89,,,,,,,,,
CL. TETRACICLINA 500MG C/8 CAPS MEDQUIMICA,0.0,,,,,,,,,,,,,,,,,,,,,,,,,,
CL. TICLOPIDINA 250MG C/30 COMP MED,20.85,BIOLAB,,,,,,,,,,,,,,,20.85,,,,,,,,,,
CL. TIZANIDINA 2MG 30 COMP,26.06,RANBAXY,26.06,,,,,,,,,,,,,,,,,,,,,,,,
CL. TRAMADOL  50MG C/10 COMP TEU,2.03,TEUTO,,,,,6.45,,,5.49,,5.42,,,,,,4.73,2.03,,4.47,,,"R$ 27,21","R$ 6,12",,
CL. TRAMADOL 100MG C/10 COMP TEU,49.98,GERMED,,,,,58.13,,,,,49.98,,,,,,,,,,,,,,,
CL. TRAMADOL 10ML GTS NEO,12.18, EUROFARMA,,,,,,,,43.99,,22.64,,,,,,,,,12.18,,,"R$ 19,00","R$ 56,74",,
CL. TRAMADOL+PARACETAMOL C 10 COMP,7.68, EUROFARMA,,,,,14.26,,,15.99,,13.57,,,,,,,,,7.68,,,"R$ 30,62","R$ 13,41",,
CL. TRAMADOL+PARACETAMOL C 20 COMP,14.08, EUROFARMA,,,,,26.14,,,25.49,,24.17,,,,,,,,,14.08,,,"R$ 46,44","R$ 24,59",,
CL. TRAMADOL+PARACETAMOL C 30 COMP,19.2, EUROFARMA,,,,,34.87,,,32.99,,33.17,,,,,,,,,19.2,,,"R$ 60,42","R$ 32,81",,
CL. TRAZODONA 100MG C/30 COMP NEO,25.98,ALTHAIA,,,,,26.09,,,29.99,,,,,,,,,,26.09,29.2,25.98,,,,,
CL. TRAZODONA 50MG C/60 COMP ZYD,21.95,ALTHAIA,,,,,25.32,,,25.99,,,,,22.7,,,,,25.15,30.47,21.95,,"R$ 66,41",,"R$ 23,95",
CL. TRAZODONA XR 150MG C/30 COMP NEO,53.08,MEDLEY,,,,,,,,,,,,,,,,,,53.08,,,,,,"R$ 50,52",
CL. VALACICLOVIR 500MG 10 COMP,84.25,RANBAXY,84.25,,,,,,,,,,,,,,,,,,,,"R$ 3,09",,,,"R$ 3,49"
"CL. VENLAFAXINA  37,5MG C/30 CAPS LP MEDQUIMICA",14.17,RANBAXY,14.17,,,,20.07,,,,,18.68,19.39,17.32,14.5,,,,,17.68,14.65,,,,,,
CL. VENLAFAXINA  75MG C/30 CAPS LP MED,13.4,TEUTO,24.77,,,,28.66,,,20.99,,30.37,27.79,44.96,,,,,13.4,18.29,25.71,,,,,,
CL. VENLAFAXINA 150MG C/30 CAPS G NVQ,25.67,TEUTO,,,,,43.2,,,,,45.38,39.89,,40.44,,,,25.67,50.9,42.97,,,"R$ 158,35","R$ 43,34",,
CL. VERAPAMIL 120MG C/20 COMP BIO,13.95,ACHE,,,,,,,,,,,,13.95,,,,,,,,,,,"R$ 12,28",,
CL. VERAPAMIL 240MG C/30 COMP SDZ,0.0,,,,,,,,,,,,,,,,,,,,,,,,"R$ 12,28",,
CL. VERAPAMIL 80MG C/30 COMP BIO,7.64,ACHE,,,,,11.31,,,,,12.45,,7.64,8.87,,,,,,,,,,"R$ 12,28",,
CLARITROMICINA 250MG 60ML EMS,107.74,E M S,,,,,107.74,,,,,,,,,,,,,,,,,"R$ 210,22",,"R$ 66,72",
CLARITROMICINA 500MG C/10 COMP EMS,24.77,PHAR LAB,,,,24.77,52.59,,,,,,,,,,,,,42.98,,,,"R$ 143,44",,"R$ 40,91",
CLARITROMICINA 500MG C/14 COMP PHA,35.66,PHAR LAB,,,,35.66,90.06,,,,,,,,,,,,,70.09,,,,"R$ 210,22",,"R$ 66,72",
CLOMARDINONA + ETINIL 21 COMP,11.1, EUROFARMA,,,,,,,,,,,,,,,,,,,11.1,,,,,,
"CLONAZEPAM 0,5MG C/30 COMP MED",2.67,GEOLAB,,,,,,,,,,,2.67,,,,,,,2.72,,,,,,"R$ 2,29",
"CLONAZEPAM 0,5MG C/60 COMP",5.43,MEDLEY,,,,,,,,,,,,,,,,,,5.43,,,,,,"R$ 5,17",
CLONAZEPAM 2 MG C/30 COMP GEO,2.51,PHAR LAB,,,,2.51,4.01,,,,,3.5,2.65,,3.52,,,5.46,,4.24,5.84,,,"R$ 17,58","R$ 3,84","R$ 4,04",
CLONAZEPAM 20ML GTS EMS,3.54,TEUTO,,,,,5.23,,,,,4.59,4.49,,,,,5.22,3.54,4.88,,,,,,,
CLONAZEPAM 2MG C/60 COMP EMS,4.99,PHAR LAB,,,,4.99,8.15,,,,,8.65,,,,,,10.76,,9.81,,,,"R$ 17,58","R$ 3,84","R$ 9,33",
CLONI.LISINA+CL.CICLO C/15 COMP REV,19.63,E M S,,,,,19.63,,,,,,,,,,,,,,,,,,,,
"CLORTALIDONA 12,5MG C/60 COMP EMS",14.64,E M S,,,,,14.64,,,,,,,,,,,,,,,,,"R$ 16,79","R$ 19,58",,
CLORTALIDONA 25MG C/60 COMP EMS,27.57,E M S,,,,,27.57,,,,,,,,,,,,,,,,,"R$ 29,51","R$ 19,58",,
CLORTALIDONA 50MG C/30 COMP EMS,8.01,VITA MEDIC,,,,,21.05,8.01,,,,20.54,,,,,,,,,,,,"R$ 22,50","R$ 19,58",,
CLOTRIMAZOL + DEXAM. 40G CR GMD,18.44,GERMED,,,,,,,,,,18.44,,,,,,,,,,,,,,,
CLOTRIMAZOL 1% 35G CR VAG EMS,18.12,MEDLEY,,,,,20.15,,,,,20.05,,,,,,,,18.12,,,,,,,
CLOTRIMAZOL 1% SPRAY 20G,11.95,BELFAR,,11.95,,,,,,,,,,,,,,,,,,,,,,,
CLOTRIMAZOL 1% CR 20G,5.49,MEDLEY,,,,,7.19,,,,,7.02,,,,,,,,5.49,,,,,,,
CLOTRIMAZOL 2% 20G CR VAG EMS,17.45,MEDLEY,,,,,,,,,,25.02,,,,,,,,17.45,,,,,,,
CLOTRIMAZOL 50G CR TEU,0.0,,,,,,,,,,,,,,,,,,,,,,,,,,
COLAGENO NAO HIDROL. TPII C/ 30 CAPS BLAB,0.0,,,,,,,,,,,,,,,,,,,,,,,,,,
"COLCHICINA 0,5 MG CPR C/20",0.0,,,,,,,,,,,,,,,,,,,,,,,,,,
"COLCHICINA 0,5MG C/30 COMP GEO",8.38,GEOLAB,,,,,,,,,,,8.38,,,,,,,,,,,,,,
DEFLAZACORTE  6MG C/20 COMP LEG,42.64,E M S,,,,,42.64,,,,,,,,,,,,,,,,,,,,
DEFLAZACORTE 30MG C/10 COMP EMS,108.29,E M S,,,,,108.29,,,,,,,,,,,,,,,,,,,,
DESLORATADINA  60ML XRP PRATI,5.38,TEUTO,,,,,11.52,,,,,10.36,9.29,5.9,,,,6.61,5.38,10.37,8.49,,,,,,
DESLORATADINA 100ML XPE GEO,7.61,TEUTO,,,,,13.96,,,,,15.07,17.44,9.0,,,,8.81,7.61,19.2,15.2,,,,,,
DESLORATADINA 5MG C/10 COMP ZYD,4.72,PHAR LAB,,,,4.72,,,,,,8.12,,10.25,,,,,,,6.63,,,,,,
DESLORATADINA 5MG C/30 COMP GMD,14.08,PHAR LAB,,,,14.08,,,,,,18.65,,,,,,,,,22.65,,,,,,
DESOG. + ETINILESTR. 150+20MCG C/21 COMP EMS,8.88,ACHE,,,,,,,15.92,,,,,8.88,,,,,,,11.99,,,,,,
DESOG. + ETINILESTR. 150+20MCG C/63 COMP EURO,20.88,ACHE,,,,,,,,,,,,20.88,,,,,,,,,,,,,
DESOG. + ETINILESTR. 150+30MCG C/21 COMP EURO,9.6, EUROFARMA,,,,,,,15.13,,,,,,,,,,,,9.6,,,,,,
DESOG. + ETINILESTR. 150+30MCG C/63 COMP,0.0,,,,,,,,,,,,,,,,,,,,,,,,,,
DESOGESTREL 75MCG C/28 COMP SDZ,5.81,ACHE,,,,,9.14,,6.99,,,8.81,,5.81,,6.23,,,,,6.43,,,"R$ 28,88","R$ 8,40",,
DESOGESTREL 75MCG C/84 COMP EUR,15.4, EUROFARMA,,,,,22.94,,19.72,,,21.37,,15.94,,17.67,,,,,15.4,,,"R$ 39,00","R$ 23,81",,
DESONIDA 30G CR PRATI,11.89,GERMED,,,,,12.7,,,,,11.89,,17.92,,,,,,,,,,,,,
DESONIDA 30G POM EMS,14.46,GERMED,,,,,,,,,,14.46,,,,,,,,,,,,,,,
DEXAM. + NEOM. + POLIM. B 5ML COL GEO,9.09,GEOLAB,,,,,,,,,,,9.09,,,,,,,,,,,,,,
DEXAMETASONA + CIANO 2ML + TIAM + PIRID 1 ML SOL INJ,17.24, EUROFARMA,,,,,,,,,,,,,,,,,,,17.24,,,,,,
"DEXAMETASONA 0,5MG C/20 COMP EMS",0.0,,,,,,,,,,,,,,,,,,,,,,,,,,
"DEXAMETASONA 0,75MG C/20 COMP EMS",0.0,,,,,,,,,,,,,,,,,,,,,,,,,,
DEXAMETASONA 120ML ELIXIR NOVA,2.84,TEUTO,,,,,5.5,,,,,,5.98,,,,,,2.84,,,,,,,,
DEXAMETASONA 4MG C/10 COMP EMS,2.43,TEUTO,,,,,4.84,,,,,,,,,,,,2.43,,,,,,,,
DEXPROTENOL POM 30G,6.67,PRATI,,,,,,,,,,,,,,,,6.67,,,,,,,,,
DIAZEPAM  5MG C/30 COMP NOVA,2.79,NEO QUIM,,,,,,,,2.79,,3.0,,,,,,,,,,,,,,,
DIAZEPAM 10MG C/30 COMP PHAR,3.75,UNIAO QUIM,,,,4.15,,,,4.79,,4.3,,,,3.75,,,,,,,,,"R$ 4,78",,
DICLOF. COLESTIRAMINA 70MG C/14 CAPS MED,8.1,E M S,,,,,8.1,,,,,8.43,,,,,,,,12.47,,,,"R$ 28,29","R$ 8,05","R$ 11,87",
DICLOF. COLESTIRAMINA 70MG C/20 CAPS EMS,9.61,E M S,,,,,9.61,,,,,,,,,,,,,15.17,,,,"R$ 28,29","R$ 8,05","R$ 14,44",
"DICLOF. DIETILAMONIO 11,6MG 60G GEL TEU",4.79,CIMED,,6.11,,7.88,10.13,,,5.49,4.79,9.47,,,,,,,5.28,7.84,,,"R$ 4,79","R$ 14,23","R$ 10,99",,
DICLOF. POTASSIO 50MG C/20 COMP TEU,2.09,CIMED,,,,,3.77,,,,2.09,,2.39,,,,,,,3.21,,,"R$ 2,09",,,"R$ 3,05",
DICLOF. RESINATO 20ML GTS CMD,2.99,CIMED,,,,,3.69,,,,2.99,,,,,,,,4.36,,,,,,,,
DICLOF. SODICO 100MG C/10 COMP RAN,4.53,NOVA QUIM,,,,,5.56,,,,,,,,4.53,,,,,,,,,,,,
DICLOF. SODICO 50MG C/20 COMP PRATI,1.89,BELFAR,,1.89,,,5.53,,,,,4.79,2.39,,,,,3.24,,5.14,,,,"R$ 23,94",,"R$ 4,89",
DICLOFENACO DISPERSÍVEL 50MG C/20 COMP DISP TEU,3.08,TEUTO,,,,,,,,,,,,,,,,,3.08,,,,,,,,
DICLOR  BETAISTINA 16MG C/60 COMP PRAT,17.05,PRATI,,,,,,,,,,,,,,,,17.05,,,,,,,,,
DICLOR. BETAISTINA 16MG C/30 COMP ALTH,6.55,ACHE,,,,,,,,,,,10.39,6.55,,,,8.9,,,7.02,11.64,,,,,
DICLOR. BETAISTINA 24MG C/30 COMP PRATI,7.64,ACHE,,,,,,,,,,,13.29,7.64,,,,10.47,,,10.06,14.91,,,,,
DICLOR. BETAISTINA 24MG C/60 COMP EURO,20.22,PRATI,,,,,,,,,,,,,,,,20.22,,,,,,,,,
DICLOR. BETAISTINA 8MG C/30 COMP BIO,10.78,ACHE,,,,,,,,,,,,10.78,,,,,,,,,,,,,
DICLOR. FLUNARIZINA C/50 COMP,7.99,VITA MEDIC,,,,,,7.99,,,,,,,,,,,,,,,,,,,
DICLOR. LEVOCETIRIZINA 5MG C/10 COMP EMS,9.74,PHAR LAB,11.53,,,9.74,18.75,,,11.99,,19.58,,,,,,,,,16.48,,,,,,
DICLOR. MANIDIPINO 10MG 30 COMP,69.28,PHAR LAB,,,,69.28,,,,,,,,,,,,,,,,,,,,,
"DICLOR. PRAMIPEXOL 0,1250MG C/30 COMP BIOS",10.66,PRATI,,,,,,,,,,,,,,,,10.66,,,,,,"R$ 78,38",,,
"DICLOR. PRAMIPEXOL 0,250MG C/30 COMP GMD",11.29,PRATI,,,,,24.77,,,,,,,,,,,11.29,,,,,,"R$ 78,38",,,
"DICLOR. PRAMIPEXOL 0,375MG C/30 COMP EUR",32.77, EUROFARMA,,,,,,,,,,,,,,,,,,,32.77,,,,,,
"DICLOR. PRAMIPEXOL 0,750MG C/30 COMP ",65.53, EUROFARMA,,,,,,,,,,,,,,,,,,,65.53,,,,,,
"DICLOR. PRAMIPEXOL 1,5MG C/30 COMP",131.05, EUROFARMA,,,,,,,,,,,,,,,,,,,131.05,,,"R$ 78,38",,,
DICLOR. PRAMIPEXOL 1MG C/30 COMP,31.71,PRATI,,,,,,,,,,,,37.58,,,,31.71,,,,,,"R$ 78,38",,,
DICLOR. TRIMETAZIDINA 35MG C/30 COMP,17.7,GERMED,,,,,,,,28.65,,17.7,,,,,,,,30.31,,,,,,,
DICLOR. TRIMETAZIDINA 35MG C/60 COMP,35.3,GERMED,,,,,,,,56.68,,35.3,,,,,,,,58.6,,,,,,"R$ 49,00",
DIENOGESTE 2MG C/30 COMP GMD,15.91,ACHE,,,,,18.92,,,,,18.66,,15.91,,,,,,,16.13,21.97,,,,,
"DIGOXINA 0,25MG C/ 20COMP",2.16,TEUTO,,,,4.85,,,,,,,,,,,,,2.16,,,,,,,,
"DIGOXINA 0,25MG C/ 30COMP",2.87,TEUTO,,,,6.74,,,,,,,,,,,,,2.87,,,,,,,,
DIGOXINA ELIXIR 60ML PRATI,21.97,PRATI,,,,,,,,,,,,,,,,21.97,,,,,,,,,
DIMES. LISDEXANFETAMINA 30 MG 30 CAPS,132.96,PHAR LAB,,,,132.96,,,,,,,,,,,,,,,154.56,,,,,,
DIMES. LISDEXANFETAMINA 50 MG 30 CAPS,177.22,PHAR LAB,,,,177.22,,,,,,,,,,,,,,,187.44,,,,,,
DIMES. LISDEXANFETAMINA 70 MG 30 CAPS,177.25,PHAR LAB,,,,177.25,,,,,,,,,,,,,,,187.44,,,,,,
DIP. BETAM. + AC. SALIC. POM 30G TEU,6.21,E M S,,,,,6.21,,,,,,,,,,,,6.95,,,,,,,,
DIP. BETAM. + AC. SALIC. SOL 30ML GMD,10.31,GERMED,,,,,,,,,,10.31,,,,,,,,,,,,,,,
DIP. BETAM. + GENTAM. CR 30G LEG,6.53,TEUTO,,,,,6.93,,,,,7.22,7.89,,,,,,6.53,,7.11,,,,,,
DIP. BETAM. + GENTAM. POM 30G GMD,7.39, EUROFARMA,,,,,,,,,,,7.99,,,,,,8.26,,7.39,,,,,,
DIP. BETAMET. + FOSF. BETAM. INJ 1ML EURO,5.04,NEO QUIM,,,,,,,,5.04,,,,,,6.23,,,,,5.04,,,,,,
DIPIRONA + CAFEINA 500 MG 4 COMP NEO,1.6,NEO QUIM,,,,,,,,1.6,,,,,,,,,,,,,,,,,
DIPIRONA + CAFEINA 500MG C/16 COMP NEO,6.49,NEO QUIM,,,,,,,,6.49,,,,,,,,,,,,,,,,,
DIPIRONA 1G C/10 COMP NEO,3.29,NEO QUIM,,,3.95,,7.97,3.52,,3.29,3.99,6.18,,,,,,3.49,5.74,7.71,,,"R$ 3,99",,,,
DIPIRONA 1G C/20 COMP PRATI,6.29,PRATI,,,,,16.85,,,7.65,,,,,,,,6.29,,,,,"R$ 3,99",,,,
DIPIRONA 500MG C/10 COMP EMS,2.99,MEDLEY,,,,,,,,,,,,,,,,,,2.99,,,,,,,
DIPIRONA 500MG C/30 COMP GMD,5.24,PRATI,,,8.14,,,,,,,8.05,,,,,,5.24,,9.21,,,,,,,
DIPIRONA GTS 10 ML BIO,2.13,GERMED,,,,,2.51,,,,,2.13,3.97,,,,,,,3.63,,,,,,,
DIPIRONA GTS 20ML NEO,4.12,GERMED,,,,,4.15,,,,,4.12,,,,,,,,5.33,,,,,,,
DIPIRONA SOL ORAL 100ML GMD,6.92,E M S,,,,,6.92,,,,,7.27,6.97,7.82,,,,,,7.6,,,,,,,
DIPR.BECLOMETASONA 250MG AERO,0.0,,,,,,,,,,,,,,,,,,,,,,,,,,
DIVALPR.SODIO 250MG 20COMP ZYD,17.1, EUROFARMA,19.52,,,,,,,,,,,,,,,,,,17.1,,,,,,
DIVALPR.SODIO 500MG 20COMP ZYD,34.4, EUROFARMA,36.76,,,,,,,,,,,,,,,,,,34.4,,,,,,
DOMPERIDONA 10MG C/30 COMP EMS,2.49,CIMED,3.69,,,,4.39,,,3.5,2.49,4.49,,,4.15,,,,,,5.38,,,,,,
DOMPERIDONA 10MG C/60 COMP RBX,3.99,CIMED,6.61,,,,8.19,,,4.91,3.99,8.74,,,7.88,,,,,,9.2,,"R$ 3,99","R$ 2,00","R$ 8,40",,"R$ 3,80"
DOMPERIDONA 1MG/ML 100ML,11.5,MEDLEY,,,,,,,,,,,,,,,,,,11.5,12.68,,,,,"R$ 12,56",
DROPROPIZINA XPE AD 120 ML NEO,5.56,ACHE,,,,,,,,,,,,5.56,,,,,,,,,,,,,
DROPROPIZINA XPE INF 120 ML MED,8.94,ACHE,,,,,,,,,,,,8.94,,,,,,,,,,,,,
DROSP. + ESTRAD 1 ML 28 COMP,29.76, EUROFARMA,,,,,,,,,,,,,,,,,,,29.76,,,,,,
"DROSP. + ETINILESTR. 3 +0,03 MG C/21 COMP LEG",9.34,NOVA QUIM,,,,,10.76,,22.93,,,10.29,,,9.34,,,,,,10.09,26.43,,,,,
"DROSP. + ETINILESTR. 3 +0,02 MG C/28 COMP SEM PARAR",9.01,E M S,,,,,9.01,,,,,,,,,,,,,,20.61,,,,,,
"DROSP. + ETINILESTR. 3 +0,03 MG C/63 COMP LEG",28.98, EUROFARMA,,,,,34.15,,,,,31.22,,,29.92,,,,,,28.98,,,,,,
"DROSP. + ETINILESTR. 3 +0,03 MG C/84 COMP SEM PARAR",52.56, EUROFARMA,,,,,,,,,,,,,,,,,,,52.56,,,,,,
"DROSP. + ETINILESTR. 3+0,02MG C/24 COMP GMD",10.96, EUROFARMA,,,,,13.78,,,,,13.82,,,11.07,,,,,,10.96,25.24,,,,,
"DROSP. + ETINILESTR. 3+0,02MG C/72 COMP LEG",29.91, EUROFARMA,,,,,32.01,,,,,31.54,,,36.81,,,,,,29.91,,,,,,
"DUTASTERIDA 0,5MG C/30 CAPS",116.66,ACHE,,,,,,,,,,,,116.66,,,,,,,,,,,,,
ESOMEPRAZOL 20MG 28 COMP RAM,20.87,RANBAXY,20.87,,,,25.99,,,,22.99,28.15,,,,,,,,31.16,,,"R$ 22,99","R$ 67,28","R$ 26,88","R$ 29,66",
ESOMEPRAZOL 40 MG 28 COMP EMS,43.64,RANBAXY,43.64,,,,50.95,,,,45.99,56.33,,,56.48,,,,,51.34,,,"R$ 45,99","R$ 135,00","R$ 53,81","R$ 63,37",
ESPIRONOLACTONA  25MG C/30 COMP EMS,7.23, EUROFARMA,,,,,8.56,,,,,8.13,9.99,,,,,,,,7.23,,,,,,
ESPIRONOLACTONA  50MG C/30 COMP EMS,15.55,GERMED,,,,,16.71,,,,,15.55,17.99,,,,,,,,15.76,,,,,,
ESPIRONOLACTONA 100MG 30 COMP EMS,33.95,GERMED,,,,,37.07,,,,,33.95,,,,,,,,,,,,"R$ 40,08","R$ 37,99",,
ESTRIOL 1MG/G CR 50G BLAB,28.47,BIOLAB,,,,,,,,,,,,,,,28.47,,,,,,,,,,
ETODOLACO 400MG C/10 COMP GMD,15.29,GERMED,,,,,,,,,,15.29,,,,,,,,,,,,,,,
ETODOLACO 400MG C/20 COMP GMD,27.19,GERMED,,,,,,,,,,27.19,,,,,,,,,,,,,"R$ 28,88",,
ETODOLACO 500MG C/14 COMP ,14.15, EUROFARMA,,,,,,,,,,,,,,,,,,,14.15,,,,,,
ETORICOXIBE 60MG  7 COMP,17.87,E M S,,,,,17.87,,,,,,,,,,,,,,,,,"R$ 34,91","R$ 20,30",,
ETORICOXIBE 60MG 14 COMP,28.41,NEO QUIM,,,,,,,,28.41,,,,,,,,,,,,,,"R$ 75,47","R$ 40,21",,
ETORICOXIBE 90MG  7 COMP,19.54,NEO QUIM,,,,,21.24,,,19.54,,20.29,,,,,,,,,,,,"R$ 38,90","R$ 20,30",,
ETORICOXIBE 90MG 14 COMP,18.56,NEO QUIM,,,,,40.07,,,18.56,,36.29,,,,,,,,,,,,"R$ 75,47","R$ 40,21",,
EZETIMIBA 10MG 30 COMP ACT,17.14,BIOLAB,,,,,17.59,,38.58,17.49,,,,,,,17.14,,,,,20.92,,"R$ 76,56",,,"R$ 12,00"
EZETIMIBA 10MG C/60 COMP,30.44,E M S,,,,,30.44,,63.03,,,,,,,,33.24,,,,,30.49,,,,,
EZETIMIBA+SINVASTATINA 10+20MG C/30CPR EMS,27.7,BIOLAB,,,,,30.88,,,,,29.44,,,,,27.7,,,,,,,"R$ 56,00","R$ 28,09",,
EZETIMIBA+SINVASTATINA 10MG+10MG C/30CPR (EMS),79.3,E M S,,,,,79.3,,,,,,,,,,,,,,,,,"R$ 56,00","R$ 28,09",,
EZETIMIBA+SINVASTATINA 10MG+40MG C/30CPR GERMED,117.66,E M S,,,,,117.66,,,,,,,,,,,,,,,,,"R$ 56,00",,,
FENDIAZOATO DE CLOPERATINA XPE 120ML,18.17,E M S,,,,,18.17,,,,,,,,,,,,,,,,,,,,
FENITOINA 100 MG C/30 COMP TEU,4.46,TEUTO,,,,,,,,,,,,,,,,,4.46,,,,,,,,
FENOBARBITAL 100MG C/20 COMP TEU,3.11,TEUTO,,,,,,,,,,,,,,,,,3.11,,,,,,,,
FENOBARBITAL 100MG C/30 COMP NQ,3.94,TEUTO,,,,,,,,,,,,,,6.23,,,3.94,,,,,,,,
FENOBARBITAL 40MG GOTAS 20ML NQ,6.11,UNIAO QUIM,,,,,,,,,,,,,,6.11,,,,,,,,,,,
FENOFIBRATO 200MG C/30 COMP EMS,59.99,NEO QUIM,,,,,84.13,,,59.99,,86.91,,,,,,,,,,,,"R$ 98,91","R$ 90,00",,
FINASTERIDA 1 MG 30 COMP BIO,6.72,UNIAO QUIM,,,,,14.47,,,,7.99,15.19,,,,6.72,,,8.44,,,,"R$ 7,99","R$ 88,00","R$ 14,60",,
FINASTERIDA 5MG C/30CPR REV (NVQ),9.89,CIMED,,,,,21.0,,,,9.89,20.75,,,,,,,10.18,,21.11,,"R$ 9,89","R$ 103,08","R$ 20,79",,
FLUCONAZOL 150 MG 1 CAPS EMS,1.15,VITA MEDIC,,,,,2.83,1.15,,,1.39,,1.85,,,,,,,5.84,,,"R$ 1,39","R$ 12,00",,"R$ 5,62",
FLUCONAZOL 150 MG 2 COMP TEU,1.39,VITA MEDIC,,,,,6.87,1.39,,,1.59,6.56,2.37,,,,,2.07,,6.47,,,"R$ 1,59","R$ 19,27","R$ 6,26","R$ 6,23",
FLUOC.ACETONIDANEOMPOLIMLID 10 ML LEG,4.89,GEOLAB,,,,,,,,,,,4.89,,,,,,,,,,,,,,
FLUVOXAMINA  50MG 30 COMP,64.35,BIOLAB,,,,,,,,,,,,,,,64.35,,,,,,,,,,
FLUVOXAMINA 100MG 30 COMP,123.96,BIOLAB,,,,,,,,,,,,,,,123.96,,,,,,,,,,
FOSF. PREDNISOLONA GTS 20ML EURO,14.48, EUROFARMA,,,,,,,,,,,,,,,,,,,14.48,,,,,,
FOSF. PREDNISOLONA SOL  60ML BIO,6.23,UNIAO QUIM,,,,,,6.76,,,6.99,,,6.99,,6.23,,9.12,,,11.07,,,,,,
FOSF. PREDNISOLONA SOL 120ML VITA,11.38,ACHE,,,,,,14.0,,,,,,11.38,,12.47,,18.11,,,17.09,,,,,,
FOSF. SITAGLIPTINA  25MG 30 COMP,21.3,SANDOZ,21.57,,,,,,21.3,,,,,,,,,,,,,,,,,,
FOSF. SITAGLIPTINA  50MG 30 COMP,30.95,SANDOZ,32.77,,,,,,30.95,,,,,,,,,,,,,,,,,,
FOSF. SITAGLIPTINA 100MG 30 COMP,64.67,SANDOZ,68.99,,,,,,64.67,,,,,,,,,,,,,,,,,,
FOSF. SITAGLIPTINA+METFORMINA 50/1G 30 COMP,98.92,SANDOZ,,,,,,,98.92,,,,,,,,,,,,,,,,,,
FOSF. SITAGLIPTINA+METFORMINA 50/850MG 30 COMP,95.51,SANDOZ,,,,,,,95.51,,,,,,,,,,,,,,,,,,
FUM. CETOTIFENO XPE 120ML GMD,13.67,PRATI,,,,,,,,,,,,,,,,13.67,,,,,,,,,
FUM.CETOTIFENO GTS 30 ML BIO,30.51,ACHE,,,,,,,,,,,,30.51,,,,,,,,,,,,,
FUROATO MOMETASONA CR 20 G BIO,13.32,MEDLEY,,,,,14.72,,,,,14.42,,,,,,,,13.32,,,,,,,
FUROATO MOMETASONA POM 20G GMD,13.53,GERMED,,,,,,,,,,13.53,,,,,,,,17.29,,,,,,,
FUROSEMIDA 40 MG 30 COMP BIO,2.36,PRATI,,,,,,,,3.49,3.59,,4.09,2.96,,,,2.36,2.89,,,,"R$ 2,99",,,,
FUROSEMIDA 40MG C/20 COMP CIMED,1.51,PRATI,,,,,,,,1.99,2.99,,2.79,,,,,1.51,1.63,,,,"R$ 3,59",,,,
GABAPENTINA 300 MG 30 CAPS BIO,12.89,CIMED,,,,19.29,20.57,,15.38,,12.89,17.33,,18.11,,,17.12,20.53,,,,,"R$ 12,89","R$ 93,65","R$ 19,82",,
GABAPENTINA 400MG C/30 COMP GMD,21.65,BIOLAB,,,,,,,,,,,,,,,21.65,26.7,,,,,"R$ 12,89","R$ 93,65","R$ 19,82",,
GENFIBROZILA 600 MG 24 COMP EMS,60.11,MEDLEY,,,,,,,,,,,,,,,,,,60.11,,,,,,,
GENFIBROZILA 900 MG 15 COMP MED,36.18,MEDLEY,,,,,,,,,,,,,,,,,,36.18,,,,,,"R$ 34,84",
GESTODENO+ETINIL CIFARMA 0075MG + 003MG C/21 CPR,13.57,ACHE,,,,,,,,,,,,13.57,,,,,,,,,,,,,
GESTODENO+ETINIL. 60+15MCG C/24 COMP SDZ,14.77,ACHE,,,,,,,18.58,,,,,14.77,,,,,,,,,,,,,
GLIBENCLAMIDA 5 MG 30 COMP BIO,1.19,NEO QUIM,,,,,2.2,,,1.19,1.59,2.02,1.97,,1.81,,,3.37,,8.75,,,"R$ 1,59","R$ 12,40","R$ 2,24","R$ 8,43",
GLICLAZIDA 30MG C/30 COMP LIB PROL TOR,6.02,RANBAXY,6.02,,,6.95,11.28,,,,,,,,,,,,,,,,,,,,
GLICLAZIDA 30MG C/60 COMP LIB PROL EMS,13.38,RANBAXY,13.38,,,14.87,19.91,,,,,,,,,,,,,,,,,"R$ 33,90",,,
GLICLAZIDA 60MG C/30 COMP LIB PROL PHAR,16.65,RANBAXY,16.65,,,18.13,27.08,,,,,,,,,,,,,,,,,"R$ 52,32",,,
GLICLAZIDA 60MG C/60 COMP LIB PROL EMS,31.55,RANBAXY,31.55,,,34.16,49.75,,,,,,,,,,,,,,,,,"R$ 95,29",,,
GLIMEPIRIDA 1MG C/30 COMP PRAT,5.82,PRATI,,,,,7.08,,,,,,,,,,,5.82,,,,,,,,,
GLIMEPIRIDA 2 MG 30 COMP LEGRAND,2.99,CIMED,,,,,6.7,,5.28,,2.99,7.24,5.89,,,,,6.55,,27.12,5.19,,"R$ 2,99","R$ 33,00","R$ 6,92","R$ 7,27",
GLIMEPIRIDA 4MG C/30 COMP TEU,3.99,CIMED,,,,,9.49,,7.0,,3.99,8.94,10.09,,,,,6.97,,46.15,7.2,,,,,,
GUAIFENESINA XPE 120 ML CEREJA NQ,9.24,NEO QUIM,,,,,,,,9.24,,,,,,,,,,,,,,,,,
GUAIFENESINA XPE 120 ML MEL EMS,0.0,,,,,,,,,,,,,,,,,,,,,,,,,,
"HEMIF. BISOPROLOL  1,25MG C/30 COMP TOR",13.42,PHAR LAB,,,,13.42,23.5,,,18.46,,21.84,,,,,,,,,,,,,,"R$ 28,30",
"HEMIF. BISOPROLOL  2,5MG C/30 COMP RBX",15.3,PHAR LAB,16.68,,,15.3,21.66,,,22.42,,19.82,,,18.88,,,,,23.94,,,,,,,
HEMIF. BISOPROLOL  5MG C/30 COMP EMS,20.3,RANBAXY,20.3,,,20.91,25.24,,,26.15,,23.84,,,23.36,,,,,28.78,,,,,,"R$ 28,30",
HEMIF. BISOPROLOL 10MG C/30 COMP EMS,23.13,RANBAXY,23.13,,,23.44,34.56,,,29.47,,32.15,,,,,,,,33.7,,,,,,"R$ 33,12",
HEMIF. QUETIAPINA  25MG C/30 COMP NOVA,3.99,CIMED,,,,,7.65,,14.22,,3.99,8.02,5.25,5.73,,,7.9,,4.45,12.48,17.56,,,,,,
HEMIF. QUETIAPINA  50MG C/30 COMP EURO,59.99,NEO QUIM,,,,,,,,59.99,,,,,,,,,,,72.12,,,,,,
HEMIF. QUETIAPINA 100MG C/30 COMP TEU,15.91,TEUTO,,,,,26.97,,42.65,,,28.68,20.59,24.44,,,24.92,,15.91,61.43,32.86,,,,,,
HEMIF. QUETIAPINA 200MG C/30 COMP NEO,37.4,TEUTO,,,,,44.68,,91.31,74.99,,47.18,39.79,,,,49.81,,37.4,98.7,60.56,,,,,,
HEMIF. QUETIAPINA 300MG C/30 COMP NEO,145.9,NEO QUIM,,,,,,,,145.9,,,,,,,,,,,,,,,,,
HEMIT. RIVASTIGMINA  3MG C/30,25.99,GEOLAB,91.52,,,,,,,,,,25.99,145.94,,,,,,,,,,,,,
"HEMIT. RIVASTIGMINA  4,5MG C/30 CAPS RBX",103.81,RANBAXY,103.81,,,,,,,,,,,131.78,,,,,,,,,,,,,
HEMIT. RIVASTIGMINA  6MG C/30,105.95,RANBAXY,105.95,,,,,,,,,,,120.39,,,,,,,,,,,,,
"HEMIT. RIVASTIGMINA 1,5 MG C 30 CPR BIO",20.39,GEOLAB,79.71,,,,,,,,,,20.39,95.94,,,,,,,,,,,,,
HEMIT. ZOLPIDEM  5MG C/30 COMP EURO,17.15,NOVA QUIM,,,,,,,,20.07,,28.91,,,17.15,,19.17,,,,36.26,,,,,,
HEMIT. ZOLPIDEM 10MG C/30 COMP NEO,2.92,SANDOZ,,,,,5.89,,2.92,,4.59,5.6,,,5.39,,6.77,,3.51,,6.79,,,,,,
HEXAMIDINA+TETRACAI 1MG 50ML BIO,0.0,,,,,,,,,,,,,,,,,,,,,,,,,,
HIDROCLOROTIAZIDA 25MG C/30 COMP NEO,0.95,TEUTO,,,,,1.84,,,1.19,1.19,2.1,,,,,,2.76,0.95,1.45,,,,,,,
HIDROCLOROTIAZIDA 50 MG 20 COMP EMS,1.39,NEO QUIM,,,,,,,,1.39,,,,,,,,,,2.77,,,"R$ 1,19","R$ 7,65","R$ 1,96","R$ 2,64",
HIDROCORTISONA CR 30G TEUTO,0.0,,,,,,,,,,,,,,,,,,,,,,,,,,
HIDROCORTISONA POM 30 G EMS,20.37,E M S,,,,,20.37,,,,,,,,,,,,,,,,,,,,
HIDROQUINONA 40 MG CR 30 G EMS,41.91,E M S,,,,,41.91,,,,,46.87,,,,,,,,,,,,"R$ 48,00","R$ 46,99",,
HIDROQUINONA 40 MG GEL 30 G LEG,42.53,GERMED,,,,,,,,,,42.53,,,,,,,,,,,,,"R$ 42,58",,
HIDROQUINONA TRET.ACET.FLUOC CR 15G EMS,0.0,,,,,,,,,,,,,,,,,,,,,,,,,,
HIDROQUINONA TRET.ACET.FLUOC CR 30G EMS,118.62,E M S,,,,,118.62,,,,,,,,,,,,,,,,,,,,
HIDROX.ALUMINIO SUSP 100 ML AIR,0.0,,,,,,,,,,,,,,,,,,,,,,,,,,
HIDROX.ALUMINIO SUSP 240 ML EMS,0.0,,,,,,,,,,,,,,,,,,,,,,,,,,
IBANDRONATO DE SODIO 150MG 1COMP GERMED,12.08,ACHE,,,,,17.9,,,,,17.93,,12.08,,,18.77,,,,15.53,21.37,,"R$ 74,82","R$ 17,81",,
IBUPROFENO 100MG GTS 20ML MED,2.74,VITA MEDIC,,,,,,2.74,,,2.99,5.3,2.97,,4.09,,,,,6.67,,,"R$ 2,99",,"R$ 5,55","R$ 6,42",
IBUPROFENO 400 MG 10 COMP CIM,4.37,NEO QUIM,,,,,,,,4.37,6.99,,6.25,,,,,6.38,,10.19,,8.99,"R$ 6,99",,,,
IBUPROFENO 50 MG GTS 30 ML BIO,2.84,TEUTO,,,,,,,,,,,2.99,,,,,,2.84,6.67,,,,,,"R$ 9,58",
IBUPROFENO 600 MG 10 CAPS MOLE,7.04,TEUTO,,,,7.53,,9.72,,,,,,,,,,,7.04,,,13.4,,,,,
IBUPROFENO 600 MG 20 COMP PD,3.76,VITA MEDIC,,,,,,3.76,,,,,12.56,,,,,6.25,,,,,,,,,
IBUPROFENO 600MG C/30 COMP PRATI,8.76,PRATI,,,,,,,,,,,,,,,,8.76,,,,,,,,,
"INDAPAMIDA 1,5MG C/30 COMP EURO",6.47,GEOLAB,,,,,9.29,,,,,9.08,6.47,,,,,8.45,,,7.49,,,,,,
"INDAPAMIDA 1,5MG C/60 COMP EURO",13.5, EUROFARMA,,,,,,,,,,,,,,,,15.2,,,13.5,,,,,,
IRBESARTANA  + HCT 150+125MG C/30 COMP EURO,72.73, EUROFARMA,,,,,,,,,,,,,,,,,,,72.73,,,,,,
IRBESARTANA  HCT 300/125 MG 30 COMP EUR,72.73, EUROFARMA,,,,,,,,,,,,,,,,,,,72.73,,,,,,
ISOTRETINOINA 10 MG 30 COMP,36.17,NOVA QUIM,,,,,,,,,,,,,36.17,,,,,,,,,,,,
ISOTRETINOINA 20 MG 30 COMP,31.41,RANBAXY,31.41,,,,38.06,,,,,,,,,,,,,,44.85,42.32,,,,,
ITRACONAZOL 100 MG 15 CAP EURO,13.95,GEOLAB,,,,,21.11,,,,,21.24,13.95,,,,,,,,29.89,,,"R$ 141,90","R$ 20,97",,
ITRACONAZOL 100 MG 4 COMP,5.56,GERMED,,,,,5.59,,,,,5.56,5.97,,,,,,,,9.75,,,"R$ 45,50","R$ 6,21",,
IVERMECTINA 6 MG 4 COMP GMD,3.1,PRATI,,,,,,3.76,,5.79,,4.65,,,,,,3.1,,,,,,,"R$ 4,49",,
LACOSAMIDA  50 MG 14 COMP,25.67,TEUTO,,,,,,,,,,,,,,,,,25.67,,,,,,,,
LACOSAMIDA 100 MG 28 COMP,67.94,TEUTO,,,,,,,,,,,,,,,,,67.94,,,,,,,,
LACTULOSE 667 MG 120 ML,10.61,BIOLAB,,,,,,,,,,,,,,,10.61,,,,,,,,,,
LAMOTRIGINA  25MG 30COMP ZYD,5.64,PRATI,11.26,,,,,,,,,,,,,,6.78,5.64,,12.87,5.65,,,,,,
LAMOTRIGINA  50 MG 30 CPR BIO,7.97,GEOLAB,14.4,,,,,,,,,,7.97,,,,11.18,10.43,,19.91,9.32,8.5,,,,,
LAMOTRIGINA 100 MG 30 CPR BIO,9.18,TEUTO,24.84,,,,,,,,,,12.49,,,,18.62,14.39,9.18,52.55,15.52,11.62,,,,"R$ 50,01",
LANSOP+CLARITR+AMOXIC 28CPS  TEU,45.19,TEUTO,,,,,,,,,,,,,,,,,45.19,,,,,,,,
LANSOPR.+CLAR.+AMOXIC. 30+500+500MG C/56 CAP TEU,0.0,,,,,,,,,,,,,,,,,,,,,,,,,,
LANSOPRAZOL 15 MG 28 CAPS MED,50.27,MEDLEY,,,,,,,,,,,,,,,,,,50.27,,,,"R$ 80,00","R$ 37,40","R$ 47,85",
LANSOPRAZOL 30 MG 28 CAPS EMS,28.77,NOVA QUIM,,,,,39.12,,,,,39.19,,,28.77,,,,,93.88,,,,"R$ 80,00","R$ 37,40","R$ 49,00",
LANSOPRAZOLCLARAMOX 84CPS PRATI,0.0,,,,,,,,,,,,,,,,,,,,,,,,,,
LATANOPROSTA + MALEATO DE TIMOLOL,43.99,GEOLAB,,,,,,,,,,,43.99,,,,,,,,,,,,,,
"LATANOPROSTA 0,05MG 2,5ML EMS",43.99,GEOLAB,,,,,105.35,,,,,,43.99,,,,,,,,,,,,,,
"LETROZOL 2,5 MG 30 COMP",283.03, EUROFARMA,,,,,,,,,,,,,,,,,,,283.03,,,,,,
LEVETIRACETAN  250 MG 30 COMP,20.32,GERMED,,,,,21.66,,22.4,22.49,,20.32,,,,,,,,,25.65,,,"R$ 40,99","R$ 19,57",,
LEVETIRACETAN  500 MG 30 COMP,38.05,GERMED,,,,,39.39,,43.24,,,38.05,,,,,,,,,45.33,,,"R$ 87,76","R$ 36,65",,
LEVETIRACETAN  750 MG 30 COMP,55.9,NEO QUIM,,,,,75.51,,78.28,55.9,,,,,,,,,,,121.94,,,"R$ 211,28",,,
LEVETIRACETAN 1000 MG 30 COMP,78.46,SANDOZ,,,,,,,78.46,,,,,,,,,,,,283.03,,,"R$ 87,76","R$ 36,65",,
LEVETIRACETAN SOL 150ML,55.52, EUROFARMA,,,,,,,,,,,,,,,,,,,55.52,,,,,,
LEVOFLOXACINO 500 MG  7 COMP LEG,5.99,CIMED,,,,,9.63,,13.12,,5.99,11.49,10.77,10.72,,,,11.67,6.11,,9.85,,"R$ 5,99","R$ 98,28","R$ 11,03",,
LEVOFLOXACINO 500 MG 10 COMP EMS,8.49,TEUTO,,,,,12.54,,19.33,,9.49,15.26,13.77,16.57,,,,15.15,8.49,,14.06,,"R$ 9,49","R$ 90,50","R$ 14,65",,
LEVOFLOXACINO 750MG  C/5 COMP SDZ,13.95,ACHE,,,,,,,15.92,,,,,13.95,,,,,,,15.21,,"R$ 5,99","R$ 98,28","R$ 11,03",,
LEVOFLOXACINO 750MG  C/7 COMP BIOS,19.38,ACHE,,,,,,,19.56,,,,,19.38,,,,,,,21.3,,"R$ 5,99","R$ 98,28","R$ 11,03",,
"LEVONORGESTREL 1,5MG C/1 COMP CIMED",1.99,CIMED,,,,,,,,4.99,1.99,,,,,,,,,,,,,,,,
"LEVONORGESTREL+ETINILESTRADIOL 0,15+0,03MG C/21",1.7,BIOLAB,,,,,,,,,,,,,,,1.7,,,,,,,,,,
LEVOTIROXINA  25MG C/30 COMP MERCK.,0.0,,,,,,,,,,,,,,,,,,,,,,,,,,
LEVOTIROXINA  50MG C/30 COMP MERCK,0.0,,,,,,,,,,,,,,,,,,,,,,,,,,
LEVOTIROXINA  75MG C/30 COMP MERCK,0.0,,,,,,,,,,,,,,,,,,,,,,,,,,
LEVOTIROXINA  88MG C/30 COMP MERCK,0.0,,,,,,,,,,,,,,,,,,,,,,,,,,
LEVOTIROXINA 100MG C/30 COMP MERCK,0.0,,,,,,,,,,,,,,,,,,,,,,,,,,
LEVOTIROXINA 112MG C/30 COMP MERCK.,0.0,,,,,,,,,,,,,,,,,,,,,,,,,,
LEVOTIROXINA 125MG C/30 COMP MERCK,0.0,,,,,,,,,,,,,,,,,,,,,,,,,,
LEVOTIROXINA 150 MG 30 COMP MERK.,0.0,,,,,,,,,,,,,,,,,,,,,,,,,,
LEVOTIROXINA 175 MG 30 COMP MER,0.0,,,,,,,,,,,,,,,,,,,,,,,,,,
LEVOTIROXINA 200 MG 30 COMP MER,0.0,,,,,,,,,,,,,,,,,,,,,,,,,,
LICOPENO C/ SELENIO 60 CAPS,0.0,,,,,,,,,,,,,,,,,,,,,,,,,,
LINCOCINA HCL 300 MG INJET.2 ML TEUTO,0.0,,,,,,,,,,,,,,,,,,,,,,,,,,
LISINOPRIL  5 MG 30 COMP EMS,17.69,MEDLEY,,,,,,,,,,,,,,,,,,17.69,,,,,,"R$ 16,84",
LISINOPRIL 10MG C/30 COMP TEU,5.88,TEUTO,,,,,,,,,,,,,,,,,5.88,19.89,,,,,,,
LISINOPRIL 20MG C/30 COMP TEU,7.68,TEUTO,,,,,,,,,,,,,,,,,7.68,48.87,,,,,,,
LOPERAMIDA 2 MG 12 COMP,1.89,SANDOZ,,,,,,,1.89,,,,,,,,,,,,,,,,,,
LORATADINA 10 MG 12 COMP SAND,1.39,VITA MEDIC,,,,,,1.39,,2.81,1.49,,2.11,4.34,,2.29,,,,,,,"R$ 1,49",,,,
LORATADINA XPE 100ML PRATI,4.99,CIMED,,,,,9.16,,,,4.99,,7.69,8.59,,,,5.24,,,,,,,,,
LORATADINA+PSEUDOEF.XPE 60 ML GER,10.89,ACHE,,,,,,,,,,,,10.89,,,,,,,,,,,,,
LORAZEPAM 2MG C/30 COMP GMD,3.83,TEUTO,,,,,,,,,,5.86,,,,,,,3.83,,,,,"R$ 17,63","R$ 6,04",,
"LOSARTANA + HCT  50 + 12,5MG C/30 COMP BIO",5.08,TEUTO,,,,,14.42,,5.99,,,13.04,,7.7,,,7.95,,5.08,,7.93,,,,,,
LOSARTANA + HCT 100+25MG C/30 COMP MED,10.08,TEUTO,,,,,20.58,,,,,,,,,,13.12,11.49,10.08,,15.7,,,"R$ 55,65","R$ 26,71",,"R$ 14,99"
LOSARTANA 100 MG 30 COMP GERM,14.47,PRATI,,,,,25.61,,,,,26.12,,,,,,14.47,,30.02,,,,"R$ 40,86","R$ 24,90","R$ 28,56",
LOSARTANA 50MG C/30 COMP TEU,0.99,NEO QUIM,,,,,1.73,,1.98,0.99,4.49,1.61,2.38,1.94,1.2,,,1.86,1.19,2.57,3.5,,,,,,
MAL.BRONFERINAMINA+FENIL SOL 120ML,10.97,NEO QUIM,,,,,,,,10.97,,,,,,,,,,,,,,,,,
MAL.BRONFERINAMINA+FENIL GTS 20ML,7.59,NEO QUIM,,,,,,,,7.59,,,,,,,,,,,,,,,,,
MAL.BRONFERINAMINA+FENIL 12 COMP,12.02,NEO QUIM,,,,,,,,12.02,,,,,,,,,,,,,,,,,
MAL.DEXC+BETAM XPE 120 ML NVQ,4.49,TEUTO,,,,,7.01,,,6.79,5.49,7.51,,,,,,6.4,4.49,,,,,,,,
MAL.DEXCLORF + BETA 2MG C/20 COMP NOVA,13.48,E M S,,,,,13.48,,,,,,,,,,,,,,,,,"R$ 20,44",,,
MAL.DEXCLORF 2MG C/20 COMP NEO,2.19,CIMED,,,,,5.75,,,3.29,2.19,5.19,,,,,,,,,,,"R$ 2,19","R$ 12,86","R$ 5,77",,"R$ 2,99"
MAL.DEXCLORF CR 30 G GERM,5.69,CIMED,,,,,7.66,,,,5.69,,,,,,,,,,,,,,,,
MAL.DEXCLORF XEP 120 ML MULTLAB,2.99,TEUTO,,,,,6.69,,,,6.99,,,,,,,4.89,2.99,,,,,,,,
MAL.ENALAPRIL  5MG C/30 COMP EMS,2.42,BELFAR,,2.42,,,3.4,2.83,,5.29,,3.11,,,,,5.59,,,,,,,,,,
MAL.ENALAPRIL 10MG C/30 COMP ALTEF,1.37,NOVA QUIM,,2.43,,,2.83,2.19,,2.62,1.79,2.7,,,1.37,,2.3,,2.25,,,,"R$ 1,79","R$ 19,35","R$ 3,14",,
MAL.ENALAPRIL 20MG C/30CPR PHAR,2.49,CIMED,,3.98,,,3.93,3.69,,7.99,2.49,4.55,,,,,9.27,,2.65,,,,"R$ 2,49","R$ 29,38","R$ 4,37",,
MAL.ENALAPRILHCT 10/25 MG 30 COMP MED,7.52,BIOLAB,,,,,,,,,,,,,,,7.52,,,,,,,,,,
"MAL.ENALAPRILHCT 20/12,5 MG 30 COMP MED",9.38,BIOLAB,,,,,15.17,,,,,,,,,,9.38,,,,,,,,,,
MAL.MIDAZOLAM 15 MG 30 COMP EUR,53.44,MEDLEY,,,,,,,,,,,,,,,,,,53.44,,,,,,,
"MAL.TIMOLOL 0,5 COL 5 ML FAL",3.06,TEUTO,,,,,4.07,,,3.29,,4.57,,,,,,,3.06,,,,,,,,
MAL.TRIMEBUTINA 200MG C/30 COMP EURO,29.47, EUROFARMA,,,,,,,,,,,,,,,,,,,29.47,36.2,,,,,
MAL.TRIMEBUTINA 200MG C/60 COMP EURO,53.19, EUROFARMA,,,,,,,,,,,,,,,,,,,53.19,,,,,,
MEBENDAZOL 100MG C/6 COMP ALTF,2.43,BELFAR,,2.43,,,,,,,,,,,,,,,,,,,,,,,
MEBENDAZOL 20 MG 30ML BELFAR,2.82,BELFAR,,2.82,,,,,,,,,,,,,,,,,,,,,,,
"MELOXICAM  7,5MG C/10 COMP EURO",2.33,PHAR LAB,,,,2.33,,,,,,,,,2.65,,,,,5.68,4.79,,,,,,
MELOXICAM 15 MG 10 COMP BIO,1.89,NEO QUIM,,,,2.22,3.6,,,1.89,2.49,4.38,2.37,,2.95,,,,3.1,6.21,3.47,,"R$ 2,49","R$ 32,10","R$ 4,21","R$ 5,91",
MELOXICAM INF 5 AMP,26.77, EUROFARMA,,,,,,,,,,,,,,,,,,,26.77,,,,,,
MES.DOXAZOSINA 2MG C/30 COMP GMD,3.6,TEUTO,11.39,,,,5.43,,4.44,,4.69,4.8,4.27,,,5.04,,6.57,3.6,,9.6,,,"R$ 41,62","R$ 5,95",,
MES.DOXAZOSINA 4 MG 30 COMP EUR,11.29,CIMED,,,,,,,15.94,15.99,11.29,,,,,18.62,,13.47,,,17.93,,,,,,
MESALAZINA  400MG 30 COMP NEO,33.31,PRATI,,,,,,,,54.99,,,,,,,,33.31,,,,,,"R$ 95,10","R$ 80,00",,
MESALAZINA  800 MG 30 COMP EMS,54.99,NEO QUIM,,,,,72.97,,,54.99,,76.49,,,,,,,,,,,,"R$ 95,10","R$ 80,00",,
MESALAZINA 1200MG 30 COMP,166.09,RANBAXY,166.09,,,,,,,,,,,,,,,,,,,,,"R$ 95,10","R$ 80,00",,
MESILATO DE CODERGOCRINA 1MG 30ML,0.0,,,,,,,,,,,,,,,,,,,,,,,,,,
METILDOPA 250 MG 30 COMP BIO,17.54,PRATI,,,,,23.28,,,,,,,,,,,17.54,,,,,,"R$ 24,26",,,
METILDOPA 500MG C/30 COMP PRT,33.14,PRATI,,,,,43.35,,,,,,,,,,,33.14,,,,,,"R$ 45,17",,,
METRONIDAZOL + NIST + BENZALC CR VAG 40G,17.25,PRATI,,,,,,,,,,,,,,,,17.25,,,,,,,,,
METRONIDAZOL + NIST C/10 APLIC 50G TEU,8.88,TEUTO,,,,,,,,,,,13.95,,,,,,8.88,,,,,,,,
METRONIDAZOL 250MG 20 COMP PRATI,3.76,PRATI,,,,,,,,4.49,,,,,,,,3.76,3.96,,,,,,,,
METRONIDAZOL 400 MG 24 COMP EMS,6.66,TEUTO,,,,,,,,,,,,,,,,,6.66,,,,,,,,
METRONIDAZOL GEL VAG 50G MULTILAB,6.58,TEUTO,,11.8,,,,,,,,,9.99,,,,,10.23,6.58,,,,,,,,
MINOXIDIL 50MG 50ML NEO,29.19,GERMED,,,,,,,,32.99,,29.19,,31.07,,,,,,,,,,,,,
MIRTAZAPINA 15MG C/30 COMP NOVA,16.34,TEUTO,,,,,33.56,,31.91,38.99,24.39,31.61,,,30.59,,,,16.34,22.62,,,,,,,
MIRTAZAPINA 30MG C/30 COMP NOVA,22.88,TEUTO,,,,27.25,61.64,,43.57,46.52,26.99,58.58,,,50.3,,,30.78,22.88,56.88,,,"R$ 26,99","R$ 34,19","R$ 55,93","R$ 54,14",
MIRTAZAPINA 45 MG 28 COMP SAND,49.64,PRATI,,,,,,,,,,,,,,,,49.64,,,,,,,,,
MOMETASONA SPR 120 DOSES EUR,25.56, EUROFARMA,,,,,,,,,,,,,,,,,,,25.56,,,,,,
MOMETASONA SPR 60 DOSES,19.69, EUROFARMA,,,,,,,,,,,,,,,,,,,19.69,,,,,,
MON.ISOSSORBIDA 20MG C/30 COMP BIO,6.09,ACHE,,,,,,,,,,,,6.09,,,6.61,,,,,,,,,,
MON.ISOSSORBIDA 40MG C/30 COMP BIO,14.2,ACHE,,,,,,,,,,,,14.2,,,,,,,,,,,,,
MONTELUCASTE SODIO  4MG 30 ENV,49.73, EUROFARMA,,,,,,,,,,,,,,,,,,,49.73,,,,,,
MONTELUCASTE SODIO  4MG 30COMP GEO,8.49,CIMED,11.69,,,,,,,,8.49,,15.99,21.79,,,17.85,,,,33.04,,,,,,
MONTELUCASTE SODIO  5MG C/30 COMP MAST BIO,11.09,CIMED,11.69,,,,,,,,11.09,,15.99,21.79,,,17.85,,,,26.43,,,,,,
MONTELUCASTE SODIO 10MG C/30 COMP REV BIO,10.22,TEUTO,13.08,,,,,,,17.5,,,12.99,18.67,,,16.02,,10.22,,16.01,,,,,,
MUPIROCINA POM 15 G PD,26.59,PRATI,,,,,,,,,,,,,,,,26.59,,,,,,,,,
NAPROXENO 500 MG 10 COMP TEU,4.36,TEUTO,,,,,,,,,,,,,,6.83,,,4.36,,,,,,,,"R$ 15,99"
NAPROXENO 500 MG 20 COMP TEU,8.23,TEUTO,,,,,,,,,,,,,,,,,8.23,,,,,,,,"R$ 15,99"
NAPROXENO 550 MG 10 COMP GMD,9.57,NEO QUIM,,,,,,,,9.57,,11.44,,,,,,,,,,,,,,,"R$ 15,99"
NAPROXENO 550MG C/20 COMP NEO,17.71,NEO QUIM,,,,,,,,17.71,,19.8,,,,,,,,,,,,,,,
NEBIVOLOL 5MG 30CPD G TRT,14.9,NEO QUIM,,,,,,,,14.9,,,,,,,,,,,,,,"R$ 48,73","R$ 16,50",,"R$ 12,00"
NIMESULIDA 100 MG 12 COMP,1.45,VITA MEDIC,,,,,1.72,1.45,,1.67,1.49,1.64,,,2.38,1.86,,1.78,,,4.64,,"R$ 1,49","R$ 17,29","R$ 2,07",,
NIMESULIDA 50MG GTS 15ML VITA,1.75,TEUTO,,,,,6.63,1.85,,,2.99,,,4.99,,,,,1.75,,,,,,,,
NIMESULIDA GEL 30 G EMS,0.0,,,,,,,,,,,,,,,,,,,,,,,,,,
NISTATINA + OX. ZINCO POM 60G PHAR,5.99,NEO QUIM,,,,,11.13,,,5.99,7.19,10.13,,,6.19,,,8.03,10.65,12.51,,,,,,,
NISTATINA CR GINEC 60G TEU,8.64,TEUTO,,,,,,,,9.99,,,11.96,,,,,8.77,8.64,10.21,,,,,,,
NISTATINA SUSP 50ML TEU,5.89,TEUTO,,,,,9.97,,,,,,,,,,,7.64,5.89,,,,,,,,
NIT.BUTOCONAZOL 20MG CR VAG,34.57,NEO QUIM,,,,,,,,34.57,,,,,,,,,,,,,,,,,
NIT.FENTICONAZOL CR GINEC 40G C/7 APLIC EURO,17.64, EUROFARMA,,,,,19.89,,,,,,,,,,,,,,17.64,,,,,,
NIT.ISOCONAZOL CR 20 G MED,0.0,,,,,,,,,,,,,,,,,,,,,,,,,,
NIT.ISOCONAZOL CR VAG 40 G CRIST,0.0,,,,,,,,,,,,,,,,,,,,,,,,,,
NIT.MICONAZOL CR 28G NEO,4.99,CIMED,,5.83,,,,,,5.99,4.99,,5.87,,,,,5.6,,,,,,,,,
NIT.MICONAZOL CR VAG 80 G EMS,11.91,TEUTO,,,,,,,,,,,14.87,,,,,13.61,11.91,,,,,,,,
NIT.MICONAZOL LOC 30ML NEO,4.59,CIMED,,,,,,,,9.99,4.59,,,,,,,,,,,,,,,,
NIT.OXICONAZOL SOL 20 ML,16.93,PRATI,,,,,,,,,,,,,,,,16.93,,,,,,,,,
NITAZOXANIDA 20MG 100ML EURO,16.82, EUROFARMA,,,,,22.9,,,,,23.73,,,,,,,,,16.82,,,"R$ 15,00","R$ 22,90",,
NITAZOXANIDA 20MG 45ML GERMED,8.11, EUROFARMA,,,,8.52,10.4,,,,,10.71,,,,,,,,,8.11,,,"R$ 3,00","R$ 10,31",,
NITAZOXANIDA 500MG 6 COMP GER,14.17, EUROFARMA,,,,,,,,19.62,,20.49,,,,,,,,,14.17,17.72,,,"R$ 19,70",,"R$ 6,00"
NITRAZEPAM 5MG C/20 COMP GMD,10.34,GERMED,,,,,,,,,,10.34,,,,,,,,,,,,,,,
NITROFURANTOINA 100MG C/28 CAPS TEU,5.68,TEUTO,,,,,,,,,,,,,,,,,5.68,,,,,,,,
"NORETISTERONA 0,35MG C/35 COMP. BLB",7.08,BIOLAB,,,,,,,,,,,,,,,7.08,,,,,,,,,,
ENANT. NORETISTERONA + ESTRADIOL 50/5MG/ML EUR,12.58, EUROFARMA,,,,,,,,,,,,,,,,,,,12.58,,,,,,
NORFLOXACINO 400MG C/14 COMP TEU,6.69,CIMED,9.47,,,,,,11.45,,6.69,,9.76,,,,,,,15.41,,,"R$ 6,69",,,"R$ 14,67",
"OLANZAPINA  2,5MG 30 COMP BIOS",11.22, EUROFARMA,,,,,13.59,,,15.27,,13.16,,14.24,12.67,,16.13,14.53,,,11.22,,,,"R$ 15,09",,
OLANZAPINA  5MG 30COMP GERMED,15.48,ACHE,,,,,21.61,,,18.48,,23.23,16.79,15.48,16.51,,27.23,18.52,,,21.31,,,"R$ 118,37","R$ 22,27",,
OLANZAPINA 10MG C/30COMP NOVA,22.87,ACHE,,,,,42.19,,,30.59,,41.18,26.47,22.87,52.97,,53.64,33.67,,,41.98,,,"R$ 118,37","R$ 22,27",,
OLMESARTANA + ANLO 20+5 MG 30 COMP,24.97,NEO QUIM,,,,,33.56,,,24.97,,31.1,,,,,,,,,,,,,"R$ 35,98",,"R$ 6,00"
OLMESARTANA + ANLO 40+10 MG 30 COMP,27.49,NEO QUIM,,,,,39.85,,,27.49,,42.67,,,,,,,,,,,,,"R$ 44,99",,"R$ 12,00"
OLMESARTANA + ANLO 40+5 MG 30 COMP,25.62,NEO QUIM,,,,,39.85,,,25.62,,31.48,,,,,,,,,,,,,"R$ 40,70",,"R$ 22,99"
"OLMESARTANA + HCT 20/12,5MG C/30 NEO",19.99,NEO QUIM,,,,,22.09,,,19.99,,22.82,,,,,,,,,20.52,,,"R$ 48,86","R$ 21,79",,"R$ 12,99"
"OLMESARTANA + HCT 40/12,5MG C/30 COMP EMS",23.37, EUROFARMA,,,,,26.4,,,,,28.01,,,,,,,,,23.37,,,"R$ 55,67","R$ 28,20",,"R$ 14,99"
OLMESARTANA + HCT 40/25MG C/30 COMP NEO,23.37, EUROFARMA,,,,,25.41,,,27.9,,27.99,,,,,,,,,23.37,,,"R$ 55,65","R$ 26,71",,"R$ 14,99"
OLMESARTANA 20MG C/30 COMP ALT,13.89,E M S,,,,,13.89,,,,,16.66,14.99,,,,,,,19.03,22.52,17.99,,,,,
OLMESARTANA 40MG C/30 COMP MED,17.54,E M S,,,,,17.54,,,,,20.05,18.79,,,,,,,24.18,23.68,22.65,,,,,
OMEPRAZOL 10 MG 14 CAPS MED,5.47,E M S,,,,,5.47,,,,,,,,,,,,,9.5,,,,,,"R$ 9,04",
OMEPRAZOL 20MG 28 CAPS EMS,2.0,TEUTO,,,,2.41,4.41,,,6.39,2.89,4.82,3.89,,,3.11,,,2,11.13,,,"R$ 2,89","R$ 26,13","R$ 4,63","R$ 15,33",
OMEPRAZOL 20MG C/56CP GLB,3.66,TEUTO,,,,3.8,,,,12.49,3.99,,5.99,,,5.19,,,3.66,,,,"R$ 3,99",,,,
OMEPRAZOL 40 MG 7 CAPS BIO,16.21,MEDLEY,,,,,,,,,,,,,,,,,,16.21,,,,,,"R$ 15,43",
OMEPRAZOL 40MG 30 COMP PRATI,16.66,NOVA QUIM,,,,,,,,,,,,,16.66,,,,,,,,,,,,
ORLISTATE 120 MG 30 CAPS. NEO,49.69,GERMED,,,,,,,,52.99,,49.69,,,,,,,,,,,,,"R$ 54,99",,
ORLISTATE 120 MG 42 CAPS EMS,50.47,PRATI,,,,,73.17,,,62.99,,77.2,,,,,,50.47,,,,,,"R$ 169,13","R$ 77,17",,"R$ 3,00"
ORLISTATE 120 MG 84 CAPS. PRATI,92.0,PRATI,,,,,114.97,,,139.03,,120.06,,,,,,92.0,,,,,,"R$ 340,15","R$ 131,95",,"R$ 3,00"
OX. ESCITALOPRAM 10MG C/30COMP EURO,5.02,ACHE,,,,5.28,6.52,,5.71,8.99,5.49,7.64,5.99,5.02,7.3,,,7.66,5.25,10.22,6.98,,"R$ 5,00","R$ 149,17","R$ 16,87","R$ 35,98",
OX. ESCITALOPRAM 10MG C/60 COMP MED,11.79,E M S,,,,,11.79,,,,,12.16,,,,,,13.79,,,,,,"R$ 53,00",,"R$ 16,01",
OX. ESCITALOPRAM 15MG C/30COMP EURO,7.89,CIMED,,,,8.6,15.69,,10.24,,7.89,17.63,,,16.81,,,,,37.8,13.21,,"R$ 7,89","R$ 149,17","R$ 16,87","R$ 35,98",
OX.ESCITALOPRAM  20MG C/30CPR NVT,7.69,ACHE,,,,11.81,12.94,,21.19,14.2,8.99,15.15,12.99,7.69,16.14,,,14.56,9.09,34.86,15.55,,"R$ 8,99","R$ 130,14","R$ 15,39","R$ 33,19",
OX.ESCITALOPRAM GTS 20MG 15ML BIO,15.98,ACHE,,,,,,,,,,,16.49,15.98,,,,,,,17.62,,,,,,
OXCARBAZEPINA 300MG C/30 COMP TOR,23.57,RANBAXY,23.57,,,,,,,,,,,,,23.94,,,,26.24,,,,,,,
OXCARBAZEPINA 300MG C/60 COMP MED,45.82,RANBAXY,45.82,,,,,,,,,,,,,,,,,50.33,,,,,,"R$ 24,98",
OXCARBAZEPINA 600MG C/30 COMP TOR,46.48,RANBAXY,46.48,,,,,,,,,,,,,47.63,,,,53.76,,,,,,,
OXCARBAZEPINA SUSP 100ML UQ,40.23,UNIAO QUIM,,,,,,,,,,,,,,40.23,,,,,,,,,,,
PANTOPRAZOL 20MG C/28 COMP NOVA,3.14,ACHE,,,,,6.47,,,5.99,3.49,6.46,,3.14,,,,,,8.41,4.8,,,"R$ 39,69","R$ 8,58","R$ 8,97",
PANTOPRAZOL 40 MG 28 COMP SANDOZ,5.39,CIMED,,,,,8.66,,,7.89,5.39,9.0,,5.39,,,,10.18,,9.43,6.69,,"R$ 8,69","R$ 39,69","R$ 8,58","R$ 8,97",
PARAC.+CAF.+DICLOF.SODICO+CARISO. C/30 COMP EURO,9.32,UNIAO QUIM,,,,,,,,,,,,,,9.32,,,,,,,,,,,
PARACETAMOL + CODEINA C/12 COMP EURO,5.99,NEO QUIM,,,,,8.71,,,5.99,,9.09,7.29,,,6.23,8.2,,,,9.09,,,,"R$ 9,50",,
PARACETAMOL + CODEINA C/24 COMP EMS,11.99,NEO QUIM,,,,,17.55,,,11.99,,18.7,14.99,,,,16.27,,,,16.74,,,,"R$ 18,20",,
PARACETAMOL + CODEINA C/36 COMP GEO,20.38,UNIAO QUIM,,,,,27.89,,,,,28.01,24.99,,,20.38,24.37,,,,24.37,,,,"R$ 27,99",,
PARACETAMOL + PSEUDOEF C/24 COMP EMS,12.03,E M S,,,,,12.03,,,,,12.03,,,,,,,,,,,,,,,
PARACETAMOL 200MG GTS 15ML GEO,2.49,CIMED,,3.09,,,,,,,2.49,3.95,3.47,,,4.09,,4.61,,4.42,,,"R$ 2,49","R$ 9,72",,"R$ 4,27",
PARACETAMOL 500 MG 20 COMP TEU,4.18,PRATI,,,,,,,,,,,,,,,,4.18,,,,,"R$ 32,99",,"R$ 7,15","R$ 8,52",
PARACETAMOL 750MG C/20 COMP,2.32,PRATI,,3.78,,,7.0,3.59,,3.3,3.49,7.45,6.29,,,4.09,,2.32,3.09,8.8,,,"R$ 32,99",,"R$ 7,15","R$ 8,52",
PARACETAMOL BEBE GTS 15ML LEG,3.74,TEUTO,,,,,14.04,10.78,,,,12.72,,,,,,,3.74,,,,,,"R$ 11,99",,
PARACETAMOL CRIANCA SOL 60 ML EMS,12.03,GERMED,,,,,,,,,,12.03,,,,,,,,,,,,,,,
PARACETAMOL+CAFEINA 20 COMP GERM,12.52,GERMED,,,,,12.64,,,,,12.52,,,,,,,,,,,,,,,
PENTOXIFILINA 400 MG 20 COMP EMS,42.9,E M S,,,,,42.9,,,,,,,,,,,,,,,,,,"R$ 55,33",,
PENTOXIFILINA 400 MG 30 COMP EMS,57.88,GERMED,,,,,60.52,,,,,57.88,,,,,,,,,,,,,"R$ 55,33",,
PERMETRINA 10MG/G FR 60ML,9.36,PRATI,,,,,,,,,,,,,,,,9.36,,,,,,,,,
PINAVERIO 100 MG 30 COMP EMS,0.0,,,,,,,,,,,,,,,,,,,,,,,,,,
PIROXICAM 20 MG 10 CAPS PHA,3.45,PHAR LAB,,,,3.45,4.98,,,,,5.22,,,,,,,,,,,,"R$ 18,35","R$ 5,00",,"R$ 4,99"
PIROXICAM 20 MG 15 CAPS NEO,3.97,PHAR LAB,,,,3.97,7.57,,,,,7.01,,,,,,,,,,,,"R$ 25,08","R$ 7,17",,"R$ 4,99"
PITAVASTATINA 2MG C/30 COMP EURO,49.68,GERMED,,,,,53.15,,,,,49.68,,,,,51.76,,,,51.76,,,,,,
PITAVASTATINA 4MG C/30 COMP EURO,87.5,BIOLAB,,,,,,,,,,,,,,,87.5,,,,,,,,,,
PRAVASTATINA SOD 10 MG 30 COMP RAN,49.87,MEDLEY,,,,,,,,,,,,,,,,,,49.87,,,,,,"R$ 47,47",
PRAVASTATINA SOD 20 MG 30 COMP MED,73.62,MEDLEY,,,,,,,,,,,,,,,,,,73.62,,,,,,"R$ 55,00",
PRAVASTATINA SOD 40 MG 30 COMP MED,139.32,MEDLEY,,,,,,,,,,,,,,,,,,139.32,,,,,,"R$ 47,47",
PREDNISOLONA 20MG C/10 COMP LEG,4.87,ACHE,,,,,6.02,,,,,6.48,,4.87,,,,5.89,,,5.58,6.85,,,,,
PREDNISOLONA 40MG C/10 COMP ALT,14.81,ALTHAIA,,,,,,,,,,,,,,,,,,,,14.81,,,,,
PREDNISOLONA 40MG C/7 COMP ALT,8.58,ACHE,,,,,,,,,,,,8.58,,,,,,,12.22,10.57,,,,,
PREDNISOLONA 5MG C/10 COMP EURO,2.88, EUROFARMA,,,,,,,,,,,,,,,,,,,2.88,3.6,,,,,
PREDNISOLONA 5MG C/20 COMP ALTH,3.79,NEO QUIM,,,,,,,,3.79,,,,,,,,,,,5.37,5.53,,,,,
PREDNISONA 20 MG 10 COMP BRA,4.61,NEO QUIM,,,,,5.21,,,4.61,,4.7,,4.9,,5.7,,,,5.59,, ,,"R$ 10,00","R$ 5,52","R$ 5,38",
PREDNISONA 20 MG 20 COMP NEO,3.29,PRATI,,,,,,,,8.83,,,,,,,,3.29,,,,,,"R$ 10,00","R$ 5,52","R$ 5,38",
PREDNISONA 20 MG 30 COMP MED,5.73,PRATI,,,,,,,,,,,,,,,,5.73,,,,,,"R$ 10,00","R$ 5,52","R$ 27,36",
PREDNISONA 5MG C/20 COMP NEO,2.38,PRATI,,,,,4.68,,,,,4.08,,,,,,2.38,,4.12,,,,,,,
PREGABALINA 150MG C/30 COMP NEO,9.39,TEUTO,13.2,,,11.22,16.31,,15.64,31.99,17.89,18.42,15.99,,13.78,,33.4,,9.39,26.73,16.33,20.39,"R$ 17,89","R$ 50,00","R$ 17,65","R$ 25,44",
PREGABALINA 50MG C/30 COMP EUR,18.64,MEDLEY,,,,,,,,,,,,,,,,,,18.64,,,,,,,
PREGABALINA 75MG C/30 COMP EUR,5.99,TEUTO,8.48,,,8.65,10.65,,9.09,19.99,11.89,9.73,9.29,15.62,10.8,,24.04,,5.99,19.05,10.17,12.07,"R$ 11,89","R$ 84,73","R$ 11,88","R$ 16,52",
PROMESTRIENO 10MG 30G C/ 20 APLIC EURO,39.83, EUROFARMA,,,,,,,,,,,,,,,,,,,39.83,,,,,,
PROMETAZINA 25MG C/20 COMP TEU,3.05,TEUTO,,,,,,,,,,,,,,,,4.75,3.05,,,,,,,,
PROMETAZINA CR 20MG TEU,9.54,TEUTO,,,,,,,,,,,,,,,,,9.54,,,,,,,,
PROP. CLOBETASOL CAPILAR 50ML PRATI,14.13,PRATI,,,,,,,,,,,,,,,,14.13,,,,,,,,,
PROP. CLOBETASOL POM 30G NOVA,5.49,NEO QUIM,,,,,,,,5.49,,7.76,,,,,,,9.81,,,,,,,,
PROP.CLOBETASOL CR 30G GLO,4.44,TEUTO,,,,,6.98,,,4.99,,6.64,,,,,,,4.44,7.59,,,,,,,
"RAMIPRIL 2,5 MG 30 COMP BIO",0.0,,,,,,,,,,,,,,,,,,,,,,,,,"R$ 33,11",
RAMIPRIL 5 MG 30 COMP BIO,34.78,MEDLEY,,,,,,,,,,,,,,,,,,34.78,,,,,,"R$ 33,11",
RIFAMICINA SPRAY 20 ML GMD,10.58,MEDLEY,,,,,18.71,,,,,19.68,,,,,,,,10.58,,,,,,,
RISEDRONATO SODICO 150MG C/1 COMP GMD,19.37, EUROFARMA,,,,,20.92,,,,,22.14,,,,,,,,,19.37,,,,,,
RISEDRONATO SODICO 35MG C/4 COMP EMS,27.39,ACHE,,,,,32.54,,,,,34.08,,27.39,,,,,,,,,,,,,
RISPERIDONA 1 MG 30 COMP EUR,4.03,SANDOZ,,,,,,7.47,4.03,,,,4.38,6.72,,8.31,6.31,6.05,4.4,12.4,9.2,,,,,"R$ 11,80",
RISPERIDONA 1 MG 30 ML GER,25.26,PRATI,,,,,30.8,,,,,31.82,,,,,,25.26,,,,,,,,,
RISPERIDONA 2MG 30 COMP BIO,4.03,SANDOZ,,,,,,8.09,4.03,,,,5.15,7.4,,9.35,7.77,6.98,6.18,13.24,7.95,,,,,,
RISPERIDONA 3MG C/30 COMP MED,6.69,GEOLAB,,,,,,8.23,11.56,,,,6.69,,,10.39,9.45,9.85,7.19,12.02,11.59,,,,,"R$ 11,44",
RIVAROXABANA  10MG C/30 COMP EMS,8.99,CIMED,,,,13.78,17.06,,,9.47,8.99,15.93,11.89,,,21.96,,10.19,,43.21,20.93,,,,,,
RIVAROXABANA  20MG C/30 COMP EMS,9.47,NEO QUIM,,,,14.5,17.1,,,9.47,11.49,20.79,12.69,,,22.74,,11.63,,39.92,21.49,,"R$ 11,49","R$ 197,71","R$ 19,95","R$ 38,45","R$ 6,99"
RIVAROXABANA  15MG C/30 COMP EMS,9.47,NEO QUIM,,,,15.54,15.32,,,9.47,9.99,19.33,,,,22.74,,13.41,,40.51,21.49,,"R$ 9,99","R$ 197,71","R$ 18,55","R$ 39,01","R$ 8,49"
ROSUVASTATINA 10MG C/30 COMP ALT,3.17,SANDOZ,11.08,,,5.28,7.56,,3.17,6.88,6.49,7.11,,6.23,,7.27,,,6.64,10.42,8.75,6.88,"R$ 6,49","R$ 64,21","R$ 9,33","R$ 18,15",
ROSUVASTATINA 20MG C/30 COMP TEUTO,5.97,SANDOZ,19.42,,,8.65,11.86,,5.97,7.47,8.99,11.43,,9.62,,9.35,,,9.4,16.51,12.71,13.39,"R$ 6,49","R$ 64,21","R$ 15,35","R$ 14,75","R$ 5,99"
ROSUVASTATINA  5MG C/30 COMP ALT,4.89,PHAR LAB,6.08,,,4.89,14.29,,,8.37,,,,6.56,,10.39,,,,15.49,7.65,7.6,,,,,
SALBUTAMOL XPE 120ML GEO,4.03,PRATI,,,,,,,,,,,,,,,,4.03,,,,,,,,,
SECNIDAZOL 1000 MG 2 COMP MED,2.39,PHAR LAB,4.15,,,2.39,,3.55,4.59,,,,,,4.72,,,2.98,,6.14,,,,,,"R$ 10,92",
SECNIDAZOL 1000 MG 4 COMP TEU,4.64,PHAR LAB,7.4,,,4.64,,,7.36,,,,,,,,,5.66,,10.94,,,,,,"R$ 6,13",
SECNIDAZOL 450MG SUSP 15ML EMS,13.77,E M S,,,,,13.77,,,,,,,,,,,,,,,,,,,,
SECNIDAZOL 900 MG SUSP 30 ML EMS,18.85,E M S,,,,,18.85,,,,,,,,,,,,,,,,,,,,
SIMETICONA 125MG C/10 CPS MED,1.29,NEO QUIM,,,,,,,1.95,1.29,2.29,4.24,3.98,3.16,3.49,3.11,2.39,,2.35,4.89,,4.13,,,,,
SIMETICONA 40MG C/20 COMP TEU,3.48,BELFAR,,3.48,,,,,,,,4.11,,,,,,,,4.97,,,,,,"R$ 4,64",
SIMETICONA 75MG GTS 10ML TEU,1.52,ACHE,,,,,,,,,,,,1.52,,,,,,,,,"R$ 2,29","R$ 21,69",,"R$ 3,93",
SIMETICONA 75MG GTS 15ML TEU,2.29,CIMED,,5.0,,,,,,,2.29,,,2.82,,3.11,,3.46,2.56,4.06,,,"R$ 2,29","R$ 21,69",,"R$ 3,93",
SINVASTATINA 10MG C/30 COMP REV BIO,3.27,SANDOZ,,,,3.7,5.2,,3.27,,,4.88,,,,,4.31,,,,,,,,,,
SINVASTATINA 20 MG 30 COMP BIO,2.72,SANDOZ,,,,2.81,4.36,,2.72,,2.79,3.98,,,3.51,,7.35,,,,,,"R$ 2,79","R$ 40,32","R$ 4,64",,
SINVASTATINA 40MG C/30 COMP SDZ,4.99,CIMED,,,,5.18,6.06,,5.39,,4.99,7.22,,,6.71,,14.7,,,,,,,,,,
SUC DESVENLAFAXINA  50MG C/30 COMP REV BIO,20.35,ACHE,,,,22.79,39.45,,,30.53,,40.54,,20.35,,,,,21.31,34.87,31.66,27.85,,,,"R$ 29,51",
SUC DESVENLAFAXINA 100MG C/30 COMP GMD,22.6,TEUTO,,,,,52.37,,,37.99,,48.81,,30.56,,,,,22.6,31.0,34.85,45.51,,,,,
SUC. METOPROLOL 100MG C/30 COMP MED,19.89,CIMED,,,,31.9,,,,27.99,19.89,,,,,,37.9,,,33.32,,,,,,,
SUC. METOPROLOL 25MG C/30 COMP BLAB,8.99,NEO QUIM,,,,17.01,,,,8.99,17.39,,,,,,16.75,,,12.83,,,,,,,"R$ 15,99"
SUC.METOPROLOL 50MG C/30 COMP PHA,16.49,CIMED,,,,21.27,,,,18.49,16.49,,,,,,27.32,,,22.51,,,,,,,
SUC.SOLIFENACINA  5mg cx 30 comp ,46.91,RANBAXY,46.91,,,,,,,48.55,,,,,,,70.37,,,58.66,,,,,,"R$ 59,21",
SUC.SOLIFENACINA 10mg cx 30 comp ,52.33,NEO QUIM,57.41,,,,,,,52.33,,,,,,,85.7,,,71.78,,,,,,"R$ 59,21",
SUC.SUMATRIPTANA  50 MG 2 COMP ARR,14.65,BIOLAB,,,,,,,,,,,,,,,14.65,,,,,,,,,,
SUC.SUMATRIPTANA 100 MG 2 COMP ARR,29.95,BIOLAB,,,,,,,,,,,,,,,29.95,,,,,,,,,,
"SULF. GLICOSAMINA 1,5G 30 SACHES NOVA",0.0,,,,,,,,,,,,,,,,,,,,,,,,,,
SULF. HIDROXICLOROQUINA 400MG 30 COMP,39.54, EUROFARMA,,,,,69.73,,,53.99,,,,,,,,,,55.44,39.54,,,,,"R$ 54,04",
SULF. NEOM + BACITRAC 15G PRATI,3.19,CIMED,,4.0,,3.87,5.53,,,,3.19,,,,,,,4.0,3.55,5.22,,,,,,,
SULF. NEOM + BACITRAC 50G PRATI,10.38,MEDLEY,,,,,,,,,,,,,,,,11.04,11.16,10.38,,,,,,,
SULF. NEOMICINA CR 20G PRATI,8.6,PRATI,,,,,,,,,,,,,,,,8.6,,,,,,,,,
SULF. SALBUTAMOL XPE 120 ML TEU,4.03,PRATI,,,,,,,,,,,7.55,,,,,4.03,,,,,,,,,
SULFADIAZINA DE PRATA CR 120 G PD,0.0,,,,,,,,,,,,,,,,,,,,,,,,,,
SULFADIAZINA DE PRATA CR 30 G PD,7.27,UNIAO QUIM,,,,,,,,,,,,,,7.27,,,,,,,,,,,
SULFADIAZINA DE PRATA CR 50 G PD,0.0,,,,,,,,,,,,,,,,,,,,,,,,,,
SULFAM + TRIMETR 200/40MG 100ML VITA,5.92,E M S,,,,,5.92,6.63,,,,,,,,,,,,,,,,,,,
SULFAM + TRIMETR 40/800MG 100ML TEUTO,0.0,,,,,,,,,,,,,,,,,,,,,,,,,,
SULFAM + TRIMETR 400/80MG 20 COMP TEU,4.5,TEUTO,,,,,,5.77,,,,,,,,,,6.44,4.5,,,,,,,,
SULFAMET + TRIMET.800+160 MG CPR C/10 - PRATI,4.65,TEUTO,,,,,,,,,,,,,,,,7.93,4.65,,,,,,,,
TADALAFILA 20MG C/2 COMP BIO,1.95,E M S,,,,,1.95,,,2.49,,,2.74,1.99,,,,1.99,,8.13,,,,,,,
TADALAFILA 20MG C/4 COMP. BIOSIN,2.18,NOVA QUIM,,,,2.57,3.04,,,3.04,2.49,3.14,3.573,2.77,2.18,,,2.22,,12.42,9.97,,,,,,
TADALAFILA 5MG 30CPD SDZ,3.79,NEO QUIM,,,,4.44,5.89,,,3.79,4.89,5.28,9.89,4.79,6.74,,,,,26.09,18.69,,"R$ 4,89","R$ 90,92","R$ 16,40","R$ 24,83",
"TART. BRIMONIDINA 1,5MG  COL 5ML TEU",19.69,GEOLAB,,,,,,,,,,,19.69,,,,,,,,,,,,,,
TART. BRIMONIDINA 2+5MG COL 5ML TEU,53.99,NEO QUIM,,,,,,,,53.99,,,,,,,,,,,,,,,,,
TART. BRIMONIDINA 2MG  COL 5ML TEU,8.59,TEUTO,,,,,15.77,,,12.99,,,10.89,,,,,,8.59,,,,,,,,
TART. METOPROLOL 100MG C/30 COMP BIO,8.1,ACHE,,,,,,,,,,,,8.1,,,,11.38,,,,,,,,,
TELMISARTANA 40MG C/30 COMP ALT,30.61,ALTHAIA,,,,,,,,,,,,,,,,,,,,30.61,,,,,
TELMISARTANA 80 MG 30 COMP GERM,25.98,ALTHAIA,,,,,,,,,,,,,,,,,,,,25.98,,,,,
TENOXICAM 20 MG 10 COMP EMS,5.97,GEOLAB,,,,,14.56,,,,,,5.97,,,6.14,,,,,,,,"R$ 43,33",,,
TESTOSTERONA 250MG 4 ML INJ,311.92, EUROFARMA,,,,,,,,,,,,,,,,,,,311.92,,,,,,
"TIBOLONA 2,5 MG 30 COMP  GERM",21.46,NOVA QUIM,,,,,27.52,,,,,28.49,,,21.46,,,,,,,,,"R$ 65,88","R$ 27,20",,
"TIBOLONA 2,5MG C/28 COMP NEO",19.95,NEO QUIM,,,,,,,,19.95,,,,,,,,,,,,,,"R$ 65,88","R$ 27,20",,
TINIDAZOL + NIT.MICONAZOL CR GINEC 45 G GEO,10.31,TEUTO,,,,,,,,,,,12.59,,,,,,10.31,,13.66,,,,,,
TINIDAZOL 500 MG 4 COMP EMS,12.08,GERMED,,,,,,,,,,12.08,,,,,,,,,,,,,"R$ 12,10",,
TIOCONAZOL + TINIDAZOL CR GINEC 35G NOVA,15.99,NEO QUIM,,,,,19.7,,,15.99,,22.03,19.59,,,,,19.69,,,,,,,,,
TOBRAMICINA 3MG/ML SOL OFT FR 5ML,6.29,NEO QUIM,,,,,,,,6.29,,13.34,8.59,,,,,,,,,,,,"R$ 13,99",,"R$ 7,02"
TOPIRAMATO 100MG 60 COMP EUR,40.48,NOVA QUIM,,,,,51.97,,77.86,,,55.42,,,40.48,,,,,,50.773,,,,,,
TOPIRAMATO 25MG C/60 COMP NOVA,13.05,GERMED,,,,,13.22,,,,,13.05,,,,,,,,,14.13,,,,,,
TOPIRAMATO 50 MG 60 COMP BIO,20.9,NOVA QUIM,,,,,25.06,,41.44,,,25.12,,,20.9,,,,,,28.58,,,"R$ 151,67","R$ 25,84",,
"TRAVOPROSTA 0,04MGML COL MED",14.57,TEUTO,,,,,33.36,,,,,,16.59,,,,,,14.57,25.72,,,,,,,
VAL BET+GENT+TOLF+CLIOQ CR. 20G,6.45,UNIAO QUIM,,,,,9.5,,,,,9.28,,,,6.45,,,,,11.17,,,,,,
VAL. BET+GENT+TOL+CLIOQ POM 20G TEU,9.28,GERMED,,,,,,,,,,9.28,,,,,,,,,10.9,,,,,,
VAL. BETAMETASONA 30G CR,6.49,NEO QUIM,,,,7.8,22.38,,,6.49,,8.94,,,,,,,,14.37,,,,,,,
VAL. BETAMETASONA POM 30G PHAR,7.8,PHAR LAB,,,,7.8,,,,,,,,,,,,,,,,,,,,,
VALP.SODIO 300MG C/25 COMP ,0.0,,,,,,,,,,,,,,,,,,,,,,,,,,
VALP.SODIO 500MG C/50 COMP BLAB,42.9,BIOLAB,,,,,,,,,,,,,,,42.9,,,,,,,,,,
VALP.SODIO 50MG XPE CEREJA 100ML PRATI,9.49,PRATI,,,,,,,,,,,,,,,,9.49,,,,,,,,,
VALSARTANA  80 MG 30 COMP GERM,9.51,TEUTO,,,,,,,,19.0,11.99,23.65,,19.03,,,,,9.51,,15.43,16.18,"R$ 11,99",,"R$ 24,47",,
VALSARTANA 160 MG 30 COMP,13.99,CIMED,,,,,,,,16.84,13.99,20.06,,22.48,19.72,,,,14.04,,22.86,19.2,"R$ 13,99",,"R$ 24,47",,
VALSARTANA 320 MG 30 COMP NQ,32.97,ALTHAIA,,,,,,,,34.0,33.29,45.96,,34.48,35.05,,,,,,42.41,32.97,"R$ 33,29",,"R$ 43,82",,"R$ 20,00"
VALSARTANA+ANLOD.160/5MG SANDOZ,42.16,SANDOZ,,,,,,,42.16,,,,,,,,,,,,,,,,,,
"VALSARTANA+HCT  80+12,5MG C/30 COMP",33.54,ACHE,,,,,,,,,,,,33.54,,,,,,,,,,,,,
"VALSARTANA+HCT 160+12,5 MG 30 COMP NVQ",32.93,ACHE,,,,,,,,,,,,32.93,,,,,,,,,,,,,
VALSARTANA+HCT 320/12.5 MG  30 COMP TORRENT,0.0,,,,,,,,,,,,,,,,,,,,,,,,,,
VALSARTANA+HCT 320+25 MG 30 COMP NVQ,33.69,ACHE,,,,,,,,,,,,33.69,,,,,,,,,,,,,
VALSARTANAHCT 160+25 MG 30 COMP GERM,0.0,,,,,,,,,,,,,,,,,,,,,,,,,,
VARFARINA SODICA 5 MG 30 COMP UNQ,3.56,TEUTO,,,,,,,,,,,,,,6.84,,,3.56,,,,,,,,
VILDAGLIPTINA 50MG X30 CPR,41.43,ALTHAIA,,,,47.02,,,,,,,,,,,,,,,,41.43,,,,,
VILDAGLIPTINA 50MG X60 CPR,82.88,ALTHAIA,,,,,,,,,,,,,,,,,,,,82.88,,,,,
